,id_central,central_nombre,fecha,hora,generacion,energia_ernc,tipo_central
7176,314,SOLAR JAVIERA,2018-02-01,1,0.0,0.0,Solar
7177,314,SOLAR JAVIERA,2018-02-01,2,0.0,0.0,Solar
7178,314,SOLAR JAVIERA,2018-02-01,3,0.0,0.0,Solar
7179,314,SOLAR JAVIERA,2018-02-01,4,0.0,0.0,Solar
7180,314,SOLAR JAVIERA,2018-02-01,5,0.0,0.0,Solar
7181,314,SOLAR JAVIERA,2018-02-01,6,0.0,0.0,Solar
7182,314,SOLAR JAVIERA,2018-02-01,7,0.0,0.0,Solar
7183,314,SOLAR JAVIERA,2018-02-01,8,0.306,0.306,Solar
7184,314,SOLAR JAVIERA,2018-02-01,9,3.176,3.176,Solar
7185,314,SOLAR JAVIERA,2018-02-01,10,12.843,12.843,Solar
7186,314,SOLAR JAVIERA,2018-02-01,11,26.004,26.004,Solar
7187,314,SOLAR JAVIERA,2018-02-01,12,31.386999999999997,31.386999999999997,Solar
7188,314,SOLAR JAVIERA,2018-02-01,13,49.968,49.968,Solar
7189,314,SOLAR JAVIERA,2018-02-01,14,44.026,44.026,Solar
7190,314,SOLAR JAVIERA,2018-02-01,15,48.622,48.622,Solar
7191,314,SOLAR JAVIERA,2018-02-01,16,49.571000000000005,49.571000000000005,Solar
7192,314,SOLAR JAVIERA,2018-02-01,17,53.951,53.951,Solar
7193,314,SOLAR JAVIERA,2018-02-01,18,49.441,49.441,Solar
7194,314,SOLAR JAVIERA,2018-02-01,19,37.967,37.967,Solar
7195,314,SOLAR JAVIERA,2018-02-01,20,25.215999999999998,25.215999999999998,Solar
7196,314,SOLAR JAVIERA,2018-02-01,21,1.724,1.724,Solar
7197,314,SOLAR JAVIERA,2018-02-01,22,0.0,0.0,Solar
7198,314,SOLAR JAVIERA,2018-02-01,23,0.0,0.0,Solar
7199,314,SOLAR JAVIERA,2018-02-01,24,0.0,0.0,Solar
14760,314,SOLAR JAVIERA,2018-02-02,1,0.0,0.0,Solar
14761,314,SOLAR JAVIERA,2018-02-02,2,0.0,0.0,Solar
14762,314,SOLAR JAVIERA,2018-02-02,3,0.0,0.0,Solar
14763,314,SOLAR JAVIERA,2018-02-02,4,0.0,0.0,Solar
14764,314,SOLAR JAVIERA,2018-02-02,5,0.0,0.0,Solar
14765,314,SOLAR JAVIERA,2018-02-02,6,0.0,0.0,Solar
14766,314,SOLAR JAVIERA,2018-02-02,7,0.0,0.0,Solar
14767,314,SOLAR JAVIERA,2018-02-02,8,2.128,2.128,Solar
14768,314,SOLAR JAVIERA,2018-02-02,9,15.675,15.675,Solar
14769,314,SOLAR JAVIERA,2018-02-02,10,30.471999999999998,30.471999999999998,Solar
14770,314,SOLAR JAVIERA,2018-02-02,11,34.293,34.293,Solar
14771,314,SOLAR JAVIERA,2018-02-02,12,46.298,46.298,Solar
14772,314,SOLAR JAVIERA,2018-02-02,13,59.218,59.218,Solar
14773,314,SOLAR JAVIERA,2018-02-02,14,56.323,56.323,Solar
14774,314,SOLAR JAVIERA,2018-02-02,15,41.898,41.898,Solar
14775,314,SOLAR JAVIERA,2018-02-02,16,52.843999999999994,52.843999999999994,Solar
14776,314,SOLAR JAVIERA,2018-02-02,17,54.565,54.565,Solar
14777,314,SOLAR JAVIERA,2018-02-02,18,44.176,44.176,Solar
14778,314,SOLAR JAVIERA,2018-02-02,19,49.173,49.173,Solar
14779,314,SOLAR JAVIERA,2018-02-02,20,23.318,23.318,Solar
14780,314,SOLAR JAVIERA,2018-02-02,21,1.291,1.291,Solar
14781,314,SOLAR JAVIERA,2018-02-02,22,0.0,0.0,Solar
14782,314,SOLAR JAVIERA,2018-02-02,23,0.0,0.0,Solar
14783,314,SOLAR JAVIERA,2018-02-02,24,0.0,0.0,Solar
24528,314,SOLAR JAVIERA,2018-02-03,1,0.0,0.0,Solar
24529,314,SOLAR JAVIERA,2018-02-03,2,0.0,0.0,Solar
24530,314,SOLAR JAVIERA,2018-02-03,3,0.0,0.0,Solar
24531,314,SOLAR JAVIERA,2018-02-03,4,0.0,0.0,Solar
24532,314,SOLAR JAVIERA,2018-02-03,5,0.0,0.0,Solar
24533,314,SOLAR JAVIERA,2018-02-03,6,0.0,0.0,Solar
24534,314,SOLAR JAVIERA,2018-02-03,7,0.0,0.0,Solar
24535,314,SOLAR JAVIERA,2018-02-03,8,1.82,1.82,Solar
24536,314,SOLAR JAVIERA,2018-02-03,9,23.69,23.69,Solar
24537,314,SOLAR JAVIERA,2018-02-03,10,50.28,50.28,Solar
24538,314,SOLAR JAVIERA,2018-02-03,11,54.88,54.88,Solar
24539,314,SOLAR JAVIERA,2018-02-03,12,59.49,59.49,Solar
24540,314,SOLAR JAVIERA,2018-02-03,13,52.13,52.13,Solar
24541,314,SOLAR JAVIERA,2018-02-03,14,56.82,56.82,Solar
24542,314,SOLAR JAVIERA,2018-02-03,15,58.49,58.49,Solar
24543,314,SOLAR JAVIERA,2018-02-03,16,57.01,57.01,Solar
24544,314,SOLAR JAVIERA,2018-02-03,17,48.24,48.24,Solar
24545,314,SOLAR JAVIERA,2018-02-03,18,52.86,52.86,Solar
24546,314,SOLAR JAVIERA,2018-02-03,19,46.0,46.0,Solar
24547,314,SOLAR JAVIERA,2018-02-03,20,22.26,22.26,Solar
24548,314,SOLAR JAVIERA,2018-02-03,21,1.1,1.1,Solar
24549,314,SOLAR JAVIERA,2018-02-03,22,0.0,0.0,Solar
24550,314,SOLAR JAVIERA,2018-02-03,23,0.0,0.0,Solar
24551,314,SOLAR JAVIERA,2018-02-03,24,0.0,0.0,Solar
29208,314,SOLAR JAVIERA,2018-02-04,1,0.0,0.0,Solar
29209,314,SOLAR JAVIERA,2018-02-04,2,0.0,0.0,Solar
29210,314,SOLAR JAVIERA,2018-02-04,3,0.0,0.0,Solar
29211,314,SOLAR JAVIERA,2018-02-04,4,0.0,0.0,Solar
29212,314,SOLAR JAVIERA,2018-02-04,5,0.0,0.0,Solar
29213,314,SOLAR JAVIERA,2018-02-04,6,0.0,0.0,Solar
29214,314,SOLAR JAVIERA,2018-02-04,7,0.0,0.0,Solar
29215,314,SOLAR JAVIERA,2018-02-04,8,1.7690000000000001,1.7690000000000001,Solar
29216,314,SOLAR JAVIERA,2018-02-04,9,24.307,24.307,Solar
29217,314,SOLAR JAVIERA,2018-02-04,10,41.901,41.901,Solar
29218,314,SOLAR JAVIERA,2018-02-04,11,51.378,51.378,Solar
29219,314,SOLAR JAVIERA,2018-02-04,12,57.591,57.591,Solar
29220,314,SOLAR JAVIERA,2018-02-04,13,48.605,48.605,Solar
29221,314,SOLAR JAVIERA,2018-02-04,14,49.806000000000004,49.806000000000004,Solar
29222,314,SOLAR JAVIERA,2018-02-04,15,55.549,55.549,Solar
29223,314,SOLAR JAVIERA,2018-02-04,16,58.926,58.926,Solar
29224,314,SOLAR JAVIERA,2018-02-04,17,54.42,54.42,Solar
29225,314,SOLAR JAVIERA,2018-02-04,18,43.111000000000004,43.111000000000004,Solar
29226,314,SOLAR JAVIERA,2018-02-04,19,41.229,41.229,Solar
29227,314,SOLAR JAVIERA,2018-02-04,20,20.874000000000002,20.874000000000002,Solar
29228,314,SOLAR JAVIERA,2018-02-04,21,0.47,0.47,Solar
29229,314,SOLAR JAVIERA,2018-02-04,22,0.0,0.0,Solar
29230,314,SOLAR JAVIERA,2018-02-04,23,0.0,0.0,Solar
29231,314,SOLAR JAVIERA,2018-02-04,24,0.0,0.0,Solar
40848,314,SOLAR JAVIERA,2018-02-05,1,0.0,0.0,Solar
40849,314,SOLAR JAVIERA,2018-02-05,2,0.0,0.0,Solar
40850,314,SOLAR JAVIERA,2018-02-05,3,0.0,0.0,Solar
40851,314,SOLAR JAVIERA,2018-02-05,4,0.0,0.0,Solar
40852,314,SOLAR JAVIERA,2018-02-05,5,0.0,0.0,Solar
40853,314,SOLAR JAVIERA,2018-02-05,6,0.0,0.0,Solar
40854,314,SOLAR JAVIERA,2018-02-05,7,1.65,1.65,Solar
40855,314,SOLAR JAVIERA,2018-02-05,8,24.55,24.55,Solar
40856,314,SOLAR JAVIERA,2018-02-05,9,50.46,50.46,Solar
40857,314,SOLAR JAVIERA,2018-02-05,10,55.81,55.81,Solar
40858,314,SOLAR JAVIERA,2018-02-05,11,57.94,57.94,Solar
40859,314,SOLAR JAVIERA,2018-02-05,12,59.87,59.87,Solar
40860,314,SOLAR JAVIERA,2018-02-05,13,60.31,60.31,Solar
40861,314,SOLAR JAVIERA,2018-02-05,14,57.33,57.33,Solar
40862,314,SOLAR JAVIERA,2018-02-05,15,59.41,59.41,Solar
40863,314,SOLAR JAVIERA,2018-02-05,16,52.85,52.85,Solar
40864,314,SOLAR JAVIERA,2018-02-05,17,51.99,51.99,Solar
40865,314,SOLAR JAVIERA,2018-02-05,18,45.42,45.42,Solar
40866,314,SOLAR JAVIERA,2018-02-05,19,20.84,20.84,Solar
40867,314,SOLAR JAVIERA,2018-02-05,20,0.64,0.64,Solar
40868,314,SOLAR JAVIERA,2018-02-05,21,0.0,0.0,Solar
40869,314,SOLAR JAVIERA,2018-02-05,22,0.0,0.0,Solar
40870,314,SOLAR JAVIERA,2018-02-05,23,0.0,0.0,Solar
40871,314,SOLAR JAVIERA,2018-02-05,24,0.0,0.0,Solar
48504,314,SOLAR JAVIERA,2018-02-06,1,0.0,0.0,Solar
48505,314,SOLAR JAVIERA,2018-02-06,2,0.0,0.0,Solar
48506,314,SOLAR JAVIERA,2018-02-06,3,0.0,0.0,Solar
48507,314,SOLAR JAVIERA,2018-02-06,4,0.0,0.0,Solar
48508,314,SOLAR JAVIERA,2018-02-06,5,0.0,0.0,Solar
48509,314,SOLAR JAVIERA,2018-02-06,6,0.0,0.0,Solar
48510,314,SOLAR JAVIERA,2018-02-06,7,1.18,1.18,Solar
48511,314,SOLAR JAVIERA,2018-02-06,8,10.11,10.11,Solar
48512,314,SOLAR JAVIERA,2018-02-06,9,47.89,47.89,Solar
48513,314,SOLAR JAVIERA,2018-02-06,10,47.78,47.78,Solar
48514,314,SOLAR JAVIERA,2018-02-06,11,49.13,49.13,Solar
48515,314,SOLAR JAVIERA,2018-02-06,12,54.74,54.74,Solar
48516,314,SOLAR JAVIERA,2018-02-06,13,53.77,53.77,Solar
48517,314,SOLAR JAVIERA,2018-02-06,14,56.25,56.25,Solar
48518,314,SOLAR JAVIERA,2018-02-06,15,55.2,55.2,Solar
48519,314,SOLAR JAVIERA,2018-02-06,16,59.48,59.48,Solar
48520,314,SOLAR JAVIERA,2018-02-06,17,43.54,43.54,Solar
48521,314,SOLAR JAVIERA,2018-02-06,18,39.96,39.96,Solar
48522,314,SOLAR JAVIERA,2018-02-06,19,19.52,19.52,Solar
48523,314,SOLAR JAVIERA,2018-02-06,20,0.62,0.62,Solar
48524,314,SOLAR JAVIERA,2018-02-06,21,0.0,0.0,Solar
48525,314,SOLAR JAVIERA,2018-02-06,22,0.0,0.0,Solar
48526,314,SOLAR JAVIERA,2018-02-06,23,0.0,0.0,Solar
48527,314,SOLAR JAVIERA,2018-02-06,24,0.0,0.0,Solar
64656,314,SOLAR JAVIERA,2018-02-07,1,0.0,0.0,Solar
64657,314,SOLAR JAVIERA,2018-02-07,2,0.0,0.0,Solar
64658,314,SOLAR JAVIERA,2018-02-07,3,0.0,0.0,Solar
64659,314,SOLAR JAVIERA,2018-02-07,4,0.0,0.0,Solar
64660,314,SOLAR JAVIERA,2018-02-07,5,0.0,0.0,Solar
64661,314,SOLAR JAVIERA,2018-02-07,6,0.0,0.0,Solar
64662,314,SOLAR JAVIERA,2018-02-07,7,1.0,1.0,Solar
64663,314,SOLAR JAVIERA,2018-02-07,8,6.04,6.04,Solar
64664,314,SOLAR JAVIERA,2018-02-07,9,47.76,47.76,Solar
64665,314,SOLAR JAVIERA,2018-02-07,10,56.44,56.44,Solar
64666,314,SOLAR JAVIERA,2018-02-07,11,58.53,58.53,Solar
64667,314,SOLAR JAVIERA,2018-02-07,12,52.54,52.54,Solar
64668,314,SOLAR JAVIERA,2018-02-07,13,44.59,44.59,Solar
64669,314,SOLAR JAVIERA,2018-02-07,14,39.8,39.8,Solar
64670,314,SOLAR JAVIERA,2018-02-07,15,48.93,48.93,Solar
64671,314,SOLAR JAVIERA,2018-02-07,16,51.63,51.63,Solar
64672,314,SOLAR JAVIERA,2018-02-07,17,50.01,50.01,Solar
64673,314,SOLAR JAVIERA,2018-02-07,18,42.94,42.94,Solar
64674,314,SOLAR JAVIERA,2018-02-07,19,40.0,40.0,Solar
64675,314,SOLAR JAVIERA,2018-02-07,20,13.0,13.0,Solar
64676,314,SOLAR JAVIERA,2018-02-07,21,0.0,0.0,Solar
64677,314,SOLAR JAVIERA,2018-02-07,22,0.0,0.0,Solar
64678,314,SOLAR JAVIERA,2018-02-07,23,0.0,0.0,Solar
64679,314,SOLAR JAVIERA,2018-02-07,24,0.0,0.0,Solar
67512,314,SOLAR JAVIERA,2018-02-08,1,0.0,0.0,Solar
67513,314,SOLAR JAVIERA,2018-02-08,2,0.0,0.0,Solar
67514,314,SOLAR JAVIERA,2018-02-08,3,0.0,0.0,Solar
67515,314,SOLAR JAVIERA,2018-02-08,4,0.0,0.0,Solar
67516,314,SOLAR JAVIERA,2018-02-08,5,0.0,0.0,Solar
67517,314,SOLAR JAVIERA,2018-02-08,6,0.0,0.0,Solar
67518,314,SOLAR JAVIERA,2018-02-08,7,0.47,0.47,Solar
67519,314,SOLAR JAVIERA,2018-02-08,8,5.47,5.47,Solar
67520,314,SOLAR JAVIERA,2018-02-08,9,44.69,44.69,Solar
67521,314,SOLAR JAVIERA,2018-02-08,10,56.13,56.13,Solar
67522,314,SOLAR JAVIERA,2018-02-08,11,58.12,58.12,Solar
67523,314,SOLAR JAVIERA,2018-02-08,12,59.78,59.78,Solar
67524,314,SOLAR JAVIERA,2018-02-08,13,51.57,51.57,Solar
67525,314,SOLAR JAVIERA,2018-02-08,14,51.48,51.48,Solar
67526,314,SOLAR JAVIERA,2018-02-08,15,59.85,59.85,Solar
67527,314,SOLAR JAVIERA,2018-02-08,16,59.39,59.39,Solar
67528,314,SOLAR JAVIERA,2018-02-08,17,45.93,45.93,Solar
67529,314,SOLAR JAVIERA,2018-02-08,18,42.13,42.13,Solar
67530,314,SOLAR JAVIERA,2018-02-08,19,20.3,20.3,Solar
67531,314,SOLAR JAVIERA,2018-02-08,20,0.55,0.55,Solar
67532,314,SOLAR JAVIERA,2018-02-08,21,0.0,0.0,Solar
67533,314,SOLAR JAVIERA,2018-02-08,22,0.0,0.0,Solar
67534,314,SOLAR JAVIERA,2018-02-08,23,0.0,0.0,Solar
67535,314,SOLAR JAVIERA,2018-02-08,24,0.0,0.0,Solar
78936,314,SOLAR JAVIERA,2018-02-09,1,0.0,0.0,Solar
78937,314,SOLAR JAVIERA,2018-02-09,2,0.0,0.0,Solar
78938,314,SOLAR JAVIERA,2018-02-09,3,0.0,0.0,Solar
78939,314,SOLAR JAVIERA,2018-02-09,4,0.0,0.0,Solar
78940,314,SOLAR JAVIERA,2018-02-09,5,0.0,0.0,Solar
78941,314,SOLAR JAVIERA,2018-02-09,6,0.0,0.0,Solar
78942,314,SOLAR JAVIERA,2018-02-09,7,0.86,0.86,Solar
78943,314,SOLAR JAVIERA,2018-02-09,8,21.98,21.98,Solar
78944,314,SOLAR JAVIERA,2018-02-09,9,51.42,51.42,Solar
78945,314,SOLAR JAVIERA,2018-02-09,10,56.93,56.93,Solar
78946,314,SOLAR JAVIERA,2018-02-09,11,58.98,58.98,Solar
78947,314,SOLAR JAVIERA,2018-02-09,12,60.18,60.18,Solar
78948,314,SOLAR JAVIERA,2018-02-09,13,60.64,60.64,Solar
78949,314,SOLAR JAVIERA,2018-02-09,14,50.42,50.42,Solar
78950,314,SOLAR JAVIERA,2018-02-09,15,59.92,59.92,Solar
78951,314,SOLAR JAVIERA,2018-02-09,16,52.58,52.58,Solar
78952,314,SOLAR JAVIERA,2018-02-09,17,43.73,43.73,Solar
78953,314,SOLAR JAVIERA,2018-02-09,18,42.93,42.93,Solar
78954,314,SOLAR JAVIERA,2018-02-09,19,19.78,19.78,Solar
78955,314,SOLAR JAVIERA,2018-02-09,20,0.49,0.49,Solar
78956,314,SOLAR JAVIERA,2018-02-09,21,0.0,0.0,Solar
78957,314,SOLAR JAVIERA,2018-02-09,22,0.0,0.0,Solar
78958,314,SOLAR JAVIERA,2018-02-09,23,0.0,0.0,Solar
78959,314,SOLAR JAVIERA,2018-02-09,24,0.0,0.0,Solar
93000,314,SOLAR JAVIERA,2018-02-10,1,0.0,0.0,Solar
93001,314,SOLAR JAVIERA,2018-02-10,2,0.0,0.0,Solar
93002,314,SOLAR JAVIERA,2018-02-10,3,0.0,0.0,Solar
93003,314,SOLAR JAVIERA,2018-02-10,4,0.0,0.0,Solar
93004,314,SOLAR JAVIERA,2018-02-10,5,0.0,0.0,Solar
93005,314,SOLAR JAVIERA,2018-02-10,6,0.0,0.0,Solar
93006,314,SOLAR JAVIERA,2018-02-10,7,1.24,1.24,Solar
93007,314,SOLAR JAVIERA,2018-02-10,8,21.08,21.08,Solar
93008,314,SOLAR JAVIERA,2018-02-10,9,52.13,52.13,Solar
93009,314,SOLAR JAVIERA,2018-02-10,10,58.08,58.08,Solar
93010,314,SOLAR JAVIERA,2018-02-10,11,60.23,60.23,Solar
93011,314,SOLAR JAVIERA,2018-02-10,12,52.12,52.12,Solar
93012,314,SOLAR JAVIERA,2018-02-10,13,61.14,61.14,Solar
93013,314,SOLAR JAVIERA,2018-02-10,14,52.57,52.57,Solar
93014,314,SOLAR JAVIERA,2018-02-10,15,60.37,60.37,Solar
93015,314,SOLAR JAVIERA,2018-02-10,16,59.89,59.89,Solar
93016,314,SOLAR JAVIERA,2018-02-10,17,52.15,52.15,Solar
93017,314,SOLAR JAVIERA,2018-02-10,18,43.97,43.97,Solar
93018,314,SOLAR JAVIERA,2018-02-10,19,19.89,19.89,Solar
93019,314,SOLAR JAVIERA,2018-02-10,20,0.47,0.47,Solar
93020,314,SOLAR JAVIERA,2018-02-10,21,0.0,0.0,Solar
93021,314,SOLAR JAVIERA,2018-02-10,22,0.0,0.0,Solar
93022,314,SOLAR JAVIERA,2018-02-10,23,0.0,0.0,Solar
93023,314,SOLAR JAVIERA,2018-02-10,24,0.0,0.0,Solar
95328,314,SOLAR JAVIERA,2018-02-11,1,0.0,0.0,Solar
95329,314,SOLAR JAVIERA,2018-02-11,2,0.0,0.0,Solar
95330,314,SOLAR JAVIERA,2018-02-11,3,0.0,0.0,Solar
95331,314,SOLAR JAVIERA,2018-02-11,4,0.0,0.0,Solar
95332,314,SOLAR JAVIERA,2018-02-11,5,0.0,0.0,Solar
95333,314,SOLAR JAVIERA,2018-02-11,6,0.0,0.0,Solar
95334,314,SOLAR JAVIERA,2018-02-11,7,0.15,0.15,Solar
95335,314,SOLAR JAVIERA,2018-02-11,8,3.12,3.12,Solar
95336,314,SOLAR JAVIERA,2018-02-11,9,7.26,7.26,Solar
95337,314,SOLAR JAVIERA,2018-02-11,10,51.83,51.83,Solar
95338,314,SOLAR JAVIERA,2018-02-11,11,58.98,58.98,Solar
95339,314,SOLAR JAVIERA,2018-02-11,12,60.31,60.31,Solar
95340,314,SOLAR JAVIERA,2018-02-11,13,58.78,58.78,Solar
95341,314,SOLAR JAVIERA,2018-02-11,14,51.75,51.75,Solar
95342,314,SOLAR JAVIERA,2018-02-11,15,60.87,60.87,Solar
95343,314,SOLAR JAVIERA,2018-02-11,16,59.08,59.08,Solar
95344,314,SOLAR JAVIERA,2018-02-11,17,51.95,51.95,Solar
95345,314,SOLAR JAVIERA,2018-02-11,18,46.62,46.62,Solar
95346,314,SOLAR JAVIERA,2018-02-11,19,18.82,18.82,Solar
95347,314,SOLAR JAVIERA,2018-02-11,20,0.42,0.42,Solar
95348,314,SOLAR JAVIERA,2018-02-11,21,0.0,0.0,Solar
95349,314,SOLAR JAVIERA,2018-02-11,22,0.0,0.0,Solar
95350,314,SOLAR JAVIERA,2018-02-11,23,0.0,0.0,Solar
95351,314,SOLAR JAVIERA,2018-02-11,24,0.0,0.0,Solar
113640,314,SOLAR JAVIERA,2018-02-12,1,0.0,0.0,Solar
113641,314,SOLAR JAVIERA,2018-02-12,2,0.0,0.0,Solar
113642,314,SOLAR JAVIERA,2018-02-12,3,0.0,0.0,Solar
113643,314,SOLAR JAVIERA,2018-02-12,4,0.0,0.0,Solar
113644,314,SOLAR JAVIERA,2018-02-12,5,0.0,0.0,Solar
113645,314,SOLAR JAVIERA,2018-02-12,6,0.0,0.0,Solar
113646,314,SOLAR JAVIERA,2018-02-12,7,1.07,1.07,Solar
113647,314,SOLAR JAVIERA,2018-02-12,8,18.9,18.9,Solar
113648,314,SOLAR JAVIERA,2018-02-12,9,51.65,51.65,Solar
113649,314,SOLAR JAVIERA,2018-02-12,10,50.25,50.25,Solar
113650,314,SOLAR JAVIERA,2018-02-12,11,57.89,57.89,Solar
113651,314,SOLAR JAVIERA,2018-02-12,12,59.97,59.97,Solar
113652,314,SOLAR JAVIERA,2018-02-12,13,60.51,60.51,Solar
113653,314,SOLAR JAVIERA,2018-02-12,14,57.66,57.66,Solar
113654,314,SOLAR JAVIERA,2018-02-12,15,52.76,52.76,Solar
113655,314,SOLAR JAVIERA,2018-02-12,16,51.16,51.16,Solar
113656,314,SOLAR JAVIERA,2018-02-12,17,57.37,57.37,Solar
113657,314,SOLAR JAVIERA,2018-02-12,18,37.24,37.24,Solar
113658,314,SOLAR JAVIERA,2018-02-12,19,12.62,12.62,Solar
113659,314,SOLAR JAVIERA,2018-02-12,20,0.56,0.56,Solar
113660,314,SOLAR JAVIERA,2018-02-12,21,0.0,0.0,Solar
113661,314,SOLAR JAVIERA,2018-02-12,22,0.0,0.0,Solar
113662,314,SOLAR JAVIERA,2018-02-12,23,0.0,0.0,Solar
113663,314,SOLAR JAVIERA,2018-02-12,24,0.0,0.0,Solar
121512,314,SOLAR JAVIERA,2018-02-13,1,0.0,0.0,Solar
121513,314,SOLAR JAVIERA,2018-02-13,2,0.0,0.0,Solar
121514,314,SOLAR JAVIERA,2018-02-13,3,0.0,0.0,Solar
121515,314,SOLAR JAVIERA,2018-02-13,4,0.0,0.0,Solar
121516,314,SOLAR JAVIERA,2018-02-13,5,0.0,0.0,Solar
121517,314,SOLAR JAVIERA,2018-02-13,6,0.0,0.0,Solar
121518,314,SOLAR JAVIERA,2018-02-13,7,0.11,0.11,Solar
121519,314,SOLAR JAVIERA,2018-02-13,8,2.68,2.68,Solar
121520,314,SOLAR JAVIERA,2018-02-13,9,11.23,11.23,Solar
121521,314,SOLAR JAVIERA,2018-02-13,10,52.25,52.25,Solar
121522,314,SOLAR JAVIERA,2018-02-13,11,60.41,60.41,Solar
121523,314,SOLAR JAVIERA,2018-02-13,12,57.86,57.86,Solar
121524,314,SOLAR JAVIERA,2018-02-13,13,53.73,53.73,Solar
121525,314,SOLAR JAVIERA,2018-02-13,14,60.65,60.65,Solar
121526,314,SOLAR JAVIERA,2018-02-13,15,60.37,60.37,Solar
121527,314,SOLAR JAVIERA,2018-02-13,16,59.64,59.64,Solar
121528,314,SOLAR JAVIERA,2018-02-13,17,55.67,55.67,Solar
121529,314,SOLAR JAVIERA,2018-02-13,18,47.02,47.02,Solar
121530,314,SOLAR JAVIERA,2018-02-13,19,17.87,17.87,Solar
121531,314,SOLAR JAVIERA,2018-02-13,20,0.38,0.38,Solar
121532,314,SOLAR JAVIERA,2018-02-13,21,0.0,0.0,Solar
121533,314,SOLAR JAVIERA,2018-02-13,22,0.0,0.0,Solar
121534,314,SOLAR JAVIERA,2018-02-13,23,0.0,0.0,Solar
121535,314,SOLAR JAVIERA,2018-02-13,24,0.0,0.0,Solar
127776,314,SOLAR JAVIERA,2018-02-14,1,0.0,0.0,Solar
127777,314,SOLAR JAVIERA,2018-02-14,2,0.0,0.0,Solar
127778,314,SOLAR JAVIERA,2018-02-14,3,0.0,0.0,Solar
127779,314,SOLAR JAVIERA,2018-02-14,4,0.0,0.0,Solar
127780,314,SOLAR JAVIERA,2018-02-14,5,0.0,0.0,Solar
127781,314,SOLAR JAVIERA,2018-02-14,6,0.0,0.0,Solar
127782,314,SOLAR JAVIERA,2018-02-14,7,0.97,0.97,Solar
127783,314,SOLAR JAVIERA,2018-02-14,8,8.19,8.19,Solar
127784,314,SOLAR JAVIERA,2018-02-14,9,9.66,9.66,Solar
127785,314,SOLAR JAVIERA,2018-02-14,10,10.18,10.18,Solar
127786,314,SOLAR JAVIERA,2018-02-14,11,10.36,10.36,Solar
127787,314,SOLAR JAVIERA,2018-02-14,12,18.39,18.39,Solar
127788,314,SOLAR JAVIERA,2018-02-14,13,53.14,53.14,Solar
127789,314,SOLAR JAVIERA,2018-02-14,14,54.12,54.12,Solar
127790,314,SOLAR JAVIERA,2018-02-14,15,58.86,58.86,Solar
127791,314,SOLAR JAVIERA,2018-02-14,16,58.99,58.99,Solar
127792,314,SOLAR JAVIERA,2018-02-14,17,54.31,54.31,Solar
127793,314,SOLAR JAVIERA,2018-02-14,18,45.31,45.31,Solar
127794,314,SOLAR JAVIERA,2018-02-14,19,17.53,17.53,Solar
127795,314,SOLAR JAVIERA,2018-02-14,20,0.31,0.31,Solar
127796,314,SOLAR JAVIERA,2018-02-14,21,0.0,0.0,Solar
127797,314,SOLAR JAVIERA,2018-02-14,22,0.0,0.0,Solar
127798,314,SOLAR JAVIERA,2018-02-14,23,0.0,0.0,Solar
127799,314,SOLAR JAVIERA,2018-02-14,24,0.0,0.0,Solar
136704,314,SOLAR JAVIERA,2018-02-15,1,0.0,0.0,Solar
136705,314,SOLAR JAVIERA,2018-02-15,2,0.0,0.0,Solar
136706,314,SOLAR JAVIERA,2018-02-15,3,0.0,0.0,Solar
136707,314,SOLAR JAVIERA,2018-02-15,4,0.0,0.0,Solar
136708,314,SOLAR JAVIERA,2018-02-15,5,0.0,0.0,Solar
136709,314,SOLAR JAVIERA,2018-02-15,6,0.0,0.0,Solar
136710,314,SOLAR JAVIERA,2018-02-15,7,0.0,0.0,Solar
136711,314,SOLAR JAVIERA,2018-02-15,8,0.83,0.83,Solar
136712,314,SOLAR JAVIERA,2018-02-15,9,21.57,21.57,Solar
136713,314,SOLAR JAVIERA,2018-02-15,10,48.88,48.88,Solar
136714,314,SOLAR JAVIERA,2018-02-15,11,51.27,51.27,Solar
136715,314,SOLAR JAVIERA,2018-02-15,12,59.38,59.38,Solar
136716,314,SOLAR JAVIERA,2018-02-15,13,34.2,34.2,Solar
136717,314,SOLAR JAVIERA,2018-02-15,14,25.39,25.39,Solar
136718,314,SOLAR JAVIERA,2018-02-15,15,25.47,25.47,Solar
136719,314,SOLAR JAVIERA,2018-02-15,16,25.46,25.46,Solar
136720,314,SOLAR JAVIERA,2018-02-15,17,36.63,36.63,Solar
136721,314,SOLAR JAVIERA,2018-02-15,18,54.04,54.04,Solar
136722,314,SOLAR JAVIERA,2018-02-15,19,49.59,49.59,Solar
136723,314,SOLAR JAVIERA,2018-02-15,20,17.57,17.57,Solar
136724,314,SOLAR JAVIERA,2018-02-15,21,0.3,0.3,Solar
136725,314,SOLAR JAVIERA,2018-02-15,22,0.0,0.0,Solar
136726,314,SOLAR JAVIERA,2018-02-15,23,0.0,0.0,Solar
136727,314,SOLAR JAVIERA,2018-02-15,24,0.0,0.0,Solar
142920,314,SOLAR JAVIERA,2018-02-16,1,0.0,0.0,Solar
142921,314,SOLAR JAVIERA,2018-02-16,2,0.0,0.0,Solar
142922,314,SOLAR JAVIERA,2018-02-16,3,0.0,0.0,Solar
142923,314,SOLAR JAVIERA,2018-02-16,4,0.0,0.0,Solar
142924,314,SOLAR JAVIERA,2018-02-16,5,0.0,0.0,Solar
142925,314,SOLAR JAVIERA,2018-02-16,6,0.0,0.0,Solar
142926,314,SOLAR JAVIERA,2018-02-16,7,0.0,0.0,Solar
142927,314,SOLAR JAVIERA,2018-02-16,8,0.88,0.88,Solar
142928,314,SOLAR JAVIERA,2018-02-16,9,22.14,22.14,Solar
142929,314,SOLAR JAVIERA,2018-02-16,10,50.08,50.08,Solar
142930,314,SOLAR JAVIERA,2018-02-16,11,57.59,57.59,Solar
142931,314,SOLAR JAVIERA,2018-02-16,12,60.65,60.65,Solar
142932,314,SOLAR JAVIERA,2018-02-16,13,59.31,59.31,Solar
142933,314,SOLAR JAVIERA,2018-02-16,14,60.72,60.72,Solar
142934,314,SOLAR JAVIERA,2018-02-16,15,46.59,46.59,Solar
142935,314,SOLAR JAVIERA,2018-02-16,16,27.96,27.96,Solar
142936,314,SOLAR JAVIERA,2018-02-16,17,27.96,27.96,Solar
142937,314,SOLAR JAVIERA,2018-02-16,18,27.97,27.97,Solar
142938,314,SOLAR JAVIERA,2018-02-16,19,39.24,39.24,Solar
142939,314,SOLAR JAVIERA,2018-02-16,20,16.48,16.48,Solar
142940,314,SOLAR JAVIERA,2018-02-16,21,0.26,0.26,Solar
142941,314,SOLAR JAVIERA,2018-02-16,22,0.0,0.0,Solar
142942,314,SOLAR JAVIERA,2018-02-16,23,0.0,0.0,Solar
142943,314,SOLAR JAVIERA,2018-02-16,24,0.0,0.0,Solar
153768,314,SOLAR JAVIERA,2018-02-17,1,0.0,0.0,Solar
153769,314,SOLAR JAVIERA,2018-02-17,2,0.0,0.0,Solar
153770,314,SOLAR JAVIERA,2018-02-17,3,0.0,0.0,Solar
153771,314,SOLAR JAVIERA,2018-02-17,4,0.0,0.0,Solar
153772,314,SOLAR JAVIERA,2018-02-17,5,0.0,0.0,Solar
153773,314,SOLAR JAVIERA,2018-02-17,6,0.0,0.0,Solar
153774,314,SOLAR JAVIERA,2018-02-17,7,0.0,0.0,Solar
153775,314,SOLAR JAVIERA,2018-02-17,8,0.17,0.17,Solar
153776,314,SOLAR JAVIERA,2018-02-17,9,3.61,3.61,Solar
153777,314,SOLAR JAVIERA,2018-02-17,10,11.59,11.59,Solar
153778,314,SOLAR JAVIERA,2018-02-17,11,54.87,54.87,Solar
153779,314,SOLAR JAVIERA,2018-02-17,12,60.28,60.28,Solar
153780,314,SOLAR JAVIERA,2018-02-17,13,61.03,61.03,Solar
153781,314,SOLAR JAVIERA,2018-02-17,14,56.7,56.7,Solar
153782,314,SOLAR JAVIERA,2018-02-17,15,55.31,55.31,Solar
153783,314,SOLAR JAVIERA,2018-02-17,16,49.96,49.96,Solar
153784,314,SOLAR JAVIERA,2018-02-17,17,49.93,49.93,Solar
153785,314,SOLAR JAVIERA,2018-02-17,18,49.95,49.95,Solar
153786,314,SOLAR JAVIERA,2018-02-17,19,44.51,44.51,Solar
153787,314,SOLAR JAVIERA,2018-02-17,20,14.2,14.2,Solar
153788,314,SOLAR JAVIERA,2018-02-17,21,0.21,0.21,Solar
153789,314,SOLAR JAVIERA,2018-02-17,22,0.0,0.0,Solar
153790,314,SOLAR JAVIERA,2018-02-17,23,0.0,0.0,Solar
153791,314,SOLAR JAVIERA,2018-02-17,24,0.0,0.0,Solar
162888,314,SOLAR JAVIERA,2018-02-18,1,0.0,0.0,Solar
162889,314,SOLAR JAVIERA,2018-02-18,2,0.0,0.0,Solar
162890,314,SOLAR JAVIERA,2018-02-18,3,0.0,0.0,Solar
162891,314,SOLAR JAVIERA,2018-02-18,4,0.0,0.0,Solar
162892,314,SOLAR JAVIERA,2018-02-18,5,0.0,0.0,Solar
162893,314,SOLAR JAVIERA,2018-02-18,6,0.0,0.0,Solar
162894,314,SOLAR JAVIERA,2018-02-18,7,0.0,0.0,Solar
162895,314,SOLAR JAVIERA,2018-02-18,8,0.04,0.04,Solar
162896,314,SOLAR JAVIERA,2018-02-18,9,1.28,1.28,Solar
162897,314,SOLAR JAVIERA,2018-02-18,10,3.06,3.06,Solar
162898,314,SOLAR JAVIERA,2018-02-18,11,9.04,9.04,Solar
162899,314,SOLAR JAVIERA,2018-02-18,12,53.98,53.98,Solar
162900,314,SOLAR JAVIERA,2018-02-18,13,52.68,52.68,Solar
162901,314,SOLAR JAVIERA,2018-02-18,14,54.01,54.01,Solar
162902,314,SOLAR JAVIERA,2018-02-18,15,59.56,59.56,Solar
162903,314,SOLAR JAVIERA,2018-02-18,16,60.44,60.44,Solar
162904,314,SOLAR JAVIERA,2018-02-18,17,58.53,58.53,Solar
162905,314,SOLAR JAVIERA,2018-02-18,18,55.3,55.3,Solar
162906,314,SOLAR JAVIERA,2018-02-18,19,48.96,48.96,Solar
162907,314,SOLAR JAVIERA,2018-02-18,20,14.85,14.85,Solar
162908,314,SOLAR JAVIERA,2018-02-18,21,0.15,0.15,Solar
162909,314,SOLAR JAVIERA,2018-02-18,22,0.0,0.0,Solar
162910,314,SOLAR JAVIERA,2018-02-18,23,0.0,0.0,Solar
162911,314,SOLAR JAVIERA,2018-02-18,24,0.0,0.0,Solar
176352,314,SOLAR JAVIERA,2018-02-19,1,0.0,0.0,Solar
176353,314,SOLAR JAVIERA,2018-02-19,2,0.0,0.0,Solar
176354,314,SOLAR JAVIERA,2018-02-19,3,0.0,0.0,Solar
176355,314,SOLAR JAVIERA,2018-02-19,4,0.0,0.0,Solar
176356,314,SOLAR JAVIERA,2018-02-19,5,0.0,0.0,Solar
176357,314,SOLAR JAVIERA,2018-02-19,6,0.0,0.0,Solar
176358,314,SOLAR JAVIERA,2018-02-19,7,0.26,0.26,Solar
176359,314,SOLAR JAVIERA,2018-02-19,8,4.94,4.94,Solar
176360,314,SOLAR JAVIERA,2018-02-19,9,12.7,12.7,Solar
176361,314,SOLAR JAVIERA,2018-02-19,10,35.22,35.22,Solar
176362,314,SOLAR JAVIERA,2018-02-19,11,30.47,30.47,Solar
176363,314,SOLAR JAVIERA,2018-02-19,12,30.47,30.47,Solar
176364,314,SOLAR JAVIERA,2018-02-19,13,32.21,32.21,Solar
176365,314,SOLAR JAVIERA,2018-02-19,14,36.47,36.47,Solar
176366,314,SOLAR JAVIERA,2018-02-19,15,36.46,36.46,Solar
176367,314,SOLAR JAVIERA,2018-02-19,16,40.7,40.7,Solar
176368,314,SOLAR JAVIERA,2018-02-19,17,52.52,52.52,Solar
176369,314,SOLAR JAVIERA,2018-02-19,18,40.32,40.32,Solar
176370,314,SOLAR JAVIERA,2018-02-19,19,14.43,14.43,Solar
176371,314,SOLAR JAVIERA,2018-02-19,20,0.16,0.16,Solar
176372,314,SOLAR JAVIERA,2018-02-19,21,0.0,0.0,Solar
176373,314,SOLAR JAVIERA,2018-02-19,22,0.0,0.0,Solar
176374,314,SOLAR JAVIERA,2018-02-19,23,0.0,0.0,Solar
176375,314,SOLAR JAVIERA,2018-02-19,24,0.0,0.0,Solar
184728,314,SOLAR JAVIERA,2018-02-20,1,0.0,0.0,Solar
184729,314,SOLAR JAVIERA,2018-02-20,2,0.0,0.0,Solar
184730,314,SOLAR JAVIERA,2018-02-20,3,0.0,0.0,Solar
184731,314,SOLAR JAVIERA,2018-02-20,4,0.0,0.0,Solar
184732,314,SOLAR JAVIERA,2018-02-20,5,0.0,0.0,Solar
184733,314,SOLAR JAVIERA,2018-02-20,6,0.0,0.0,Solar
184734,314,SOLAR JAVIERA,2018-02-20,7,0.0,0.0,Solar
184735,314,SOLAR JAVIERA,2018-02-20,8,0.62,0.62,Solar
184736,314,SOLAR JAVIERA,2018-02-20,9,11.67,11.67,Solar
184737,314,SOLAR JAVIERA,2018-02-20,10,46.19,46.19,Solar
184738,314,SOLAR JAVIERA,2018-02-20,11,40.47,40.47,Solar
184739,314,SOLAR JAVIERA,2018-02-20,12,40.4,40.4,Solar
184740,314,SOLAR JAVIERA,2018-02-20,13,40.42,40.42,Solar
184741,314,SOLAR JAVIERA,2018-02-20,14,40.36,40.36,Solar
184742,314,SOLAR JAVIERA,2018-02-20,15,40.44,40.44,Solar
184743,314,SOLAR JAVIERA,2018-02-20,16,40.44,40.44,Solar
184744,314,SOLAR JAVIERA,2018-02-20,17,40.44,40.44,Solar
184745,314,SOLAR JAVIERA,2018-02-20,18,40.44,40.44,Solar
184746,314,SOLAR JAVIERA,2018-02-20,19,40.65,40.65,Solar
184747,314,SOLAR JAVIERA,2018-02-20,20,14.63,14.63,Solar
184748,314,SOLAR JAVIERA,2018-02-20,21,0.15,0.15,Solar
184749,314,SOLAR JAVIERA,2018-02-20,22,0.0,0.0,Solar
184750,314,SOLAR JAVIERA,2018-02-20,23,0.0,0.0,Solar
184751,314,SOLAR JAVIERA,2018-02-20,24,0.0,0.0,Solar
191688,314,SOLAR JAVIERA,2018-02-21,1,0.0,0.0,Solar
191689,314,SOLAR JAVIERA,2018-02-21,2,0.0,0.0,Solar
191690,314,SOLAR JAVIERA,2018-02-21,3,0.0,0.0,Solar
191691,314,SOLAR JAVIERA,2018-02-21,4,0.0,0.0,Solar
191692,314,SOLAR JAVIERA,2018-02-21,5,0.0,0.0,Solar
191693,314,SOLAR JAVIERA,2018-02-21,6,0.0,0.0,Solar
191694,314,SOLAR JAVIERA,2018-02-21,7,0.0,0.0,Solar
191695,314,SOLAR JAVIERA,2018-02-21,8,0.61,0.61,Solar
191696,314,SOLAR JAVIERA,2018-02-21,9,17.49,17.49,Solar
191697,314,SOLAR JAVIERA,2018-02-21,10,45.06,45.06,Solar
191698,314,SOLAR JAVIERA,2018-02-21,11,40.45,40.45,Solar
191699,314,SOLAR JAVIERA,2018-02-21,12,40.45,40.45,Solar
191700,314,SOLAR JAVIERA,2018-02-21,13,40.46,40.46,Solar
191701,314,SOLAR JAVIERA,2018-02-21,14,40.45,40.45,Solar
191702,314,SOLAR JAVIERA,2018-02-21,15,40.46,40.46,Solar
191703,314,SOLAR JAVIERA,2018-02-21,16,40.46,40.46,Solar
191704,314,SOLAR JAVIERA,2018-02-21,17,40.45,40.45,Solar
191705,314,SOLAR JAVIERA,2018-02-21,18,40.46,40.46,Solar
191706,314,SOLAR JAVIERA,2018-02-21,19,46.09,46.09,Solar
191707,314,SOLAR JAVIERA,2018-02-21,20,14.03,14.03,Solar
191708,314,SOLAR JAVIERA,2018-02-21,21,0.12,0.12,Solar
191709,314,SOLAR JAVIERA,2018-02-21,22,0.0,0.0,Solar
191710,314,SOLAR JAVIERA,2018-02-21,23,0.0,0.0,Solar
191711,314,SOLAR JAVIERA,2018-02-21,24,0.0,0.0,Solar
202656,314,SOLAR JAVIERA,2018-02-22,1,0.0,0.0,Solar
202657,314,SOLAR JAVIERA,2018-02-22,2,0.0,0.0,Solar
202658,314,SOLAR JAVIERA,2018-02-22,3,0.0,0.0,Solar
202659,314,SOLAR JAVIERA,2018-02-22,4,0.0,0.0,Solar
202660,314,SOLAR JAVIERA,2018-02-22,5,0.0,0.0,Solar
202661,314,SOLAR JAVIERA,2018-02-22,6,0.0,0.0,Solar
202662,314,SOLAR JAVIERA,2018-02-22,7,0.58,0.58,Solar
202663,314,SOLAR JAVIERA,2018-02-22,8,18.61,18.61,Solar
202664,314,SOLAR JAVIERA,2018-02-22,9,0.0,0.0,Solar
202665,314,SOLAR JAVIERA,2018-02-22,10,0.0,0.0,Solar
202666,314,SOLAR JAVIERA,2018-02-22,11,0.0,0.0,Solar
202667,314,SOLAR JAVIERA,2018-02-22,12,40.47,40.47,Solar
202668,314,SOLAR JAVIERA,2018-02-22,13,0.0,0.0,Solar
202669,314,SOLAR JAVIERA,2018-02-22,14,40.47,40.47,Solar
202670,314,SOLAR JAVIERA,2018-02-22,15,40.47,40.47,Solar
202671,314,SOLAR JAVIERA,2018-02-22,16,40.46,40.46,Solar
202672,314,SOLAR JAVIERA,2018-02-22,17,47.65,47.65,Solar
202673,314,SOLAR JAVIERA,2018-02-22,18,0.0,0.0,Solar
202674,314,SOLAR JAVIERA,2018-02-22,19,13.6,13.6,Solar
202675,314,SOLAR JAVIERA,2018-02-22,20,0.1,0.1,Solar
202676,314,SOLAR JAVIERA,2018-02-22,21,0.0,0.0,Solar
202677,314,SOLAR JAVIERA,2018-02-22,22,0.0,0.0,Solar
202678,314,SOLAR JAVIERA,2018-02-22,23,0.0,0.0,Solar
202679,314,SOLAR JAVIERA,2018-02-22,24,0.0,0.0,Solar
214032,314,SOLAR JAVIERA,2018-02-23,1,0.0,0.0,Solar
214033,314,SOLAR JAVIERA,2018-02-23,2,0.0,0.0,Solar
214034,314,SOLAR JAVIERA,2018-02-23,3,0.0,0.0,Solar
214035,314,SOLAR JAVIERA,2018-02-23,4,0.0,0.0,Solar
214036,314,SOLAR JAVIERA,2018-02-23,5,0.0,0.0,Solar
214037,314,SOLAR JAVIERA,2018-02-23,6,0.0,0.0,Solar
214038,314,SOLAR JAVIERA,2018-02-23,7,0.0,0.0,Solar
214039,314,SOLAR JAVIERA,2018-02-23,8,0.05,0.05,Solar
214040,314,SOLAR JAVIERA,2018-02-23,9,2.06,2.06,Solar
214041,314,SOLAR JAVIERA,2018-02-23,10,5.8,5.8,Solar
214042,314,SOLAR JAVIERA,2018-02-23,11,33.25,33.25,Solar
214043,314,SOLAR JAVIERA,2018-02-23,12,30.47,30.47,Solar
214044,314,SOLAR JAVIERA,2018-02-23,13,30.47,30.47,Solar
214045,314,SOLAR JAVIERA,2018-02-23,14,30.47,30.47,Solar
214046,314,SOLAR JAVIERA,2018-02-23,15,33.29,33.29,Solar
214047,314,SOLAR JAVIERA,2018-02-23,16,58.62,58.62,Solar
214048,314,SOLAR JAVIERA,2018-02-23,17,59.82,59.82,Solar
214049,314,SOLAR JAVIERA,2018-02-23,18,52.84,52.84,Solar
214050,314,SOLAR JAVIERA,2018-02-23,19,43.44,43.44,Solar
214051,314,SOLAR JAVIERA,2018-02-23,20,13.73,13.73,Solar
214052,314,SOLAR JAVIERA,2018-02-23,21,0.08,0.08,Solar
214053,314,SOLAR JAVIERA,2018-02-23,22,0.0,0.0,Solar
214054,314,SOLAR JAVIERA,2018-02-23,23,0.0,0.0,Solar
214055,314,SOLAR JAVIERA,2018-02-23,24,0.0,0.0,Solar
221880,314,SOLAR JAVIERA,2018-02-24,1,0.0,0.0,Solar
221881,314,SOLAR JAVIERA,2018-02-24,2,0.0,0.0,Solar
221882,314,SOLAR JAVIERA,2018-02-24,3,0.0,0.0,Solar
221883,314,SOLAR JAVIERA,2018-02-24,4,0.0,0.0,Solar
221884,314,SOLAR JAVIERA,2018-02-24,5,0.0,0.0,Solar
221885,314,SOLAR JAVIERA,2018-02-24,6,0.0,0.0,Solar
221886,314,SOLAR JAVIERA,2018-02-24,7,0.0,0.0,Solar
221887,314,SOLAR JAVIERA,2018-02-24,8,0.08,0.08,Solar
221888,314,SOLAR JAVIERA,2018-02-24,9,2.92,2.92,Solar
221889,314,SOLAR JAVIERA,2018-02-24,10,8.68,8.68,Solar
221890,314,SOLAR JAVIERA,2018-02-24,11,41.18,41.18,Solar
221891,314,SOLAR JAVIERA,2018-02-24,12,40.45,40.45,Solar
221892,314,SOLAR JAVIERA,2018-02-24,13,40.46,40.46,Solar
221893,314,SOLAR JAVIERA,2018-02-24,14,40.46,40.46,Solar
221894,314,SOLAR JAVIERA,2018-02-24,15,40.46,40.46,Solar
221895,314,SOLAR JAVIERA,2018-02-24,16,40.46,40.46,Solar
221896,314,SOLAR JAVIERA,2018-02-24,17,40.45,40.45,Solar
221897,314,SOLAR JAVIERA,2018-02-24,18,40.43,40.43,Solar
221898,314,SOLAR JAVIERA,2018-02-24,19,43.59,43.59,Solar
221899,314,SOLAR JAVIERA,2018-02-24,20,12.58,12.58,Solar
221900,314,SOLAR JAVIERA,2018-02-24,21,0.07,0.07,Solar
221901,314,SOLAR JAVIERA,2018-02-24,22,0.0,0.0,Solar
221902,314,SOLAR JAVIERA,2018-02-24,23,0.0,0.0,Solar
221903,314,SOLAR JAVIERA,2018-02-24,24,0.0,0.0,Solar
230592,314,SOLAR JAVIERA,2018-02-25,1,0.0,0.0,Solar
230593,314,SOLAR JAVIERA,2018-02-25,2,0.0,0.0,Solar
230594,314,SOLAR JAVIERA,2018-02-25,3,0.0,0.0,Solar
230595,314,SOLAR JAVIERA,2018-02-25,4,0.0,0.0,Solar
230596,314,SOLAR JAVIERA,2018-02-25,5,0.0,0.0,Solar
230597,314,SOLAR JAVIERA,2018-02-25,6,0.0,0.0,Solar
230598,314,SOLAR JAVIERA,2018-02-25,7,0.0,0.0,Solar
230599,314,SOLAR JAVIERA,2018-02-25,8,0.1,0.1,Solar
230600,314,SOLAR JAVIERA,2018-02-25,9,2.22,2.22,Solar
230601,314,SOLAR JAVIERA,2018-02-25,10,4.4,4.4,Solar
230602,314,SOLAR JAVIERA,2018-02-25,11,34.14,34.14,Solar
230603,314,SOLAR JAVIERA,2018-02-25,12,58.78,58.78,Solar
230604,314,SOLAR JAVIERA,2018-02-25,13,54.78,54.78,Solar
230605,314,SOLAR JAVIERA,2018-02-25,14,59.79,59.79,Solar
230606,314,SOLAR JAVIERA,2018-02-25,15,57.36,57.36,Solar
230607,314,SOLAR JAVIERA,2018-02-25,16,59.45,59.45,Solar
230608,314,SOLAR JAVIERA,2018-02-25,17,55.1,55.1,Solar
230609,314,SOLAR JAVIERA,2018-02-25,18,52.98,52.98,Solar
230610,314,SOLAR JAVIERA,2018-02-25,19,43.31,43.31,Solar
230611,314,SOLAR JAVIERA,2018-02-25,20,11.66,11.66,Solar
230612,314,SOLAR JAVIERA,2018-02-25,21,0.06,0.06,Solar
230613,314,SOLAR JAVIERA,2018-02-25,22,0.0,0.0,Solar
230614,314,SOLAR JAVIERA,2018-02-25,23,0.0,0.0,Solar
230615,314,SOLAR JAVIERA,2018-02-25,24,0.0,0.0,Solar
241104,314,SOLAR JAVIERA,2018-02-26,1,0.0,0.0,Solar
241105,314,SOLAR JAVIERA,2018-02-26,2,0.0,0.0,Solar
241106,314,SOLAR JAVIERA,2018-02-26,3,0.0,0.0,Solar
241107,314,SOLAR JAVIERA,2018-02-26,4,0.0,0.0,Solar
241108,314,SOLAR JAVIERA,2018-02-26,5,0.0,0.0,Solar
241109,314,SOLAR JAVIERA,2018-02-26,6,0.0,0.0,Solar
241110,314,SOLAR JAVIERA,2018-02-26,7,0.0,0.0,Solar
241111,314,SOLAR JAVIERA,2018-02-26,8,0.07,0.07,Solar
241112,314,SOLAR JAVIERA,2018-02-26,9,1.64,1.64,Solar
241113,314,SOLAR JAVIERA,2018-02-26,10,4.06,4.06,Solar
241114,314,SOLAR JAVIERA,2018-02-26,11,22.94,22.94,Solar
241115,314,SOLAR JAVIERA,2018-02-26,12,58.25,58.25,Solar
241116,314,SOLAR JAVIERA,2018-02-26,13,58.65,58.65,Solar
241117,314,SOLAR JAVIERA,2018-02-26,14,54.39,54.39,Solar
241118,314,SOLAR JAVIERA,2018-02-26,15,57.76,57.76,Solar
241119,314,SOLAR JAVIERA,2018-02-26,16,59.58,59.58,Solar
241120,314,SOLAR JAVIERA,2018-02-26,17,59.83,59.83,Solar
241121,314,SOLAR JAVIERA,2018-02-26,18,55.86,55.86,Solar
241122,314,SOLAR JAVIERA,2018-02-26,19,44.6,44.6,Solar
241123,314,SOLAR JAVIERA,2018-02-26,20,10.75,10.75,Solar
241124,314,SOLAR JAVIERA,2018-02-26,21,0.06,0.06,Solar
241125,314,SOLAR JAVIERA,2018-02-26,22,0.0,0.0,Solar
241126,314,SOLAR JAVIERA,2018-02-26,23,0.0,0.0,Solar
241127,314,SOLAR JAVIERA,2018-02-26,24,0.0,0.0,Solar
251232,314,SOLAR JAVIERA,2018-02-27,1,0.0,0.0,Solar
251233,314,SOLAR JAVIERA,2018-02-27,2,0.0,0.0,Solar
251234,314,SOLAR JAVIERA,2018-02-27,3,0.0,0.0,Solar
251235,314,SOLAR JAVIERA,2018-02-27,4,0.0,0.0,Solar
251236,314,SOLAR JAVIERA,2018-02-27,5,0.0,0.0,Solar
251237,314,SOLAR JAVIERA,2018-02-27,6,0.0,0.0,Solar
251238,314,SOLAR JAVIERA,2018-02-27,7,0.0,0.0,Solar
251239,314,SOLAR JAVIERA,2018-02-27,8,0.41,0.41,Solar
251240,314,SOLAR JAVIERA,2018-02-27,9,15.86,15.86,Solar
251241,314,SOLAR JAVIERA,2018-02-27,10,40.64,40.64,Solar
251242,314,SOLAR JAVIERA,2018-02-27,11,55.34,55.34,Solar
251243,314,SOLAR JAVIERA,2018-02-27,12,61.22,61.22,Solar
251244,314,SOLAR JAVIERA,2018-02-27,13,61.01,61.01,Solar
251245,314,SOLAR JAVIERA,2018-02-27,14,60.94,60.94,Solar
251246,314,SOLAR JAVIERA,2018-02-27,15,53.75,53.75,Solar
251247,314,SOLAR JAVIERA,2018-02-27,16,59.49,59.49,Solar
251248,314,SOLAR JAVIERA,2018-02-27,17,59.49,59.49,Solar
251249,314,SOLAR JAVIERA,2018-02-27,18,55.4,55.4,Solar
251250,314,SOLAR JAVIERA,2018-02-27,19,48.98,48.98,Solar
251251,314,SOLAR JAVIERA,2018-02-27,20,11.08,11.08,Solar
251252,314,SOLAR JAVIERA,2018-02-27,21,0.05,0.05,Solar
251253,314,SOLAR JAVIERA,2018-02-27,22,0.0,0.0,Solar
251254,314,SOLAR JAVIERA,2018-02-27,23,0.0,0.0,Solar
251255,314,SOLAR JAVIERA,2018-02-27,24,0.0,0.0,Solar
262800,314,SOLAR JAVIERA,2018-02-28,1,0.0,0.0,Solar
262801,314,SOLAR JAVIERA,2018-02-28,2,0.0,0.0,Solar
262802,314,SOLAR JAVIERA,2018-02-28,3,0.0,0.0,Solar
262803,314,SOLAR JAVIERA,2018-02-28,4,0.0,0.0,Solar
262804,314,SOLAR JAVIERA,2018-02-28,5,0.0,0.0,Solar
262805,314,SOLAR JAVIERA,2018-02-28,6,0.0,0.0,Solar
262806,314,SOLAR JAVIERA,2018-02-28,7,0.0,0.0,Solar
262807,314,SOLAR JAVIERA,2018-02-28,8,0.37,0.37,Solar
262808,314,SOLAR JAVIERA,2018-02-28,9,14.93,14.93,Solar
262809,314,SOLAR JAVIERA,2018-02-28,10,43.3,43.3,Solar
262810,314,SOLAR JAVIERA,2018-02-28,11,58.29,58.29,Solar
262811,314,SOLAR JAVIERA,2018-02-28,12,61.08,61.08,Solar
262812,314,SOLAR JAVIERA,2018-02-28,13,60.35,60.35,Solar
262813,314,SOLAR JAVIERA,2018-02-28,14,61.01,61.01,Solar
262814,314,SOLAR JAVIERA,2018-02-28,15,59.21,59.21,Solar
262815,314,SOLAR JAVIERA,2018-02-28,16,55.34,55.34,Solar
262816,314,SOLAR JAVIERA,2018-02-28,17,56.72,56.72,Solar
262817,314,SOLAR JAVIERA,2018-02-28,18,49.63,49.63,Solar
262818,314,SOLAR JAVIERA,2018-02-28,19,46.93,46.93,Solar
262819,314,SOLAR JAVIERA,2018-02-28,20,10.08,10.08,Solar
262820,314,SOLAR JAVIERA,2018-02-28,21,0.05,0.05,Solar
262821,314,SOLAR JAVIERA,2018-02-28,22,0.0,0.0,Solar
262822,314,SOLAR JAVIERA,2018-02-28,23,0.0,0.0,Solar
262823,314,SOLAR JAVIERA,2018-02-28,24,0.0,0.0,Solar
