2019-01-01 00:00:00,0.0
2019-01-01 01:00:00,0.0
2019-01-01 02:00:00,0.0
2019-01-01 03:00:00,0.0
2019-01-01 04:00:00,0.0
2019-01-01 05:00:00,0.0017510635
2019-01-01 06:00:00,0.3230066863
2019-01-01 07:00:00,1.8459876709
2019-01-01 08:00:00,2.8351777953
2019-01-01 09:00:00,3.0120360108
2019-01-01 10:00:00,3.0381674194
2019-01-01 11:00:00,3.0439940796
2019-01-01 12:00:00,3.0153540039
2019-01-01 13:00:00,2.9764988404
2019-01-01 14:00:00,2.9771939697000005
2019-01-01 15:00:00,2.9541471557
2019-01-01 16:00:00,2.9176578980000003
2019-01-01 17:00:00,2.7679641723
2019-01-01 18:00:00,2.2170578308
2019-01-01 19:00:00,0.6682316437
2019-01-01 20:00:00,0.00597108
2019-01-01 21:00:00,0.0
2019-01-01 22:00:00,0.0
2019-01-01 23:00:00,0.0
2019-01-02 00:00:00,0.0
2019-01-02 01:00:00,0.0
2019-01-02 02:00:00,0.0
2019-01-02 03:00:00,0.0
2019-01-02 04:00:00,0.0
2019-01-02 05:00:00,0.0014345229999999998
2019-01-02 06:00:00,0.3177089215
2019-01-02 07:00:00,1.9524721985
2019-01-02 08:00:00,3.0004844360000003
2019-01-02 09:00:00,3.0698947144
2019-01-02 10:00:00,3.0700053711
2019-01-02 11:00:00,3.0656560059
2019-01-02 12:00:00,3.066890503
2019-01-02 13:00:00,3.0665985107
2019-01-02 14:00:00,3.0645881347
2019-01-02 15:00:00,3.0645755615
2019-01-02 16:00:00,3.0450480347
2019-01-02 17:00:00,2.6944370728
2019-01-02 18:00:00,1.83507547
2019-01-02 19:00:00,0.5929938011
2019-01-02 20:00:00,0.0067377194
2019-01-02 21:00:00,0.0
2019-01-02 22:00:00,0.0
2019-01-02 23:00:00,0.0
2019-01-03 00:00:00,0.0
2019-01-03 01:00:00,0.0
2019-01-03 02:00:00,0.0
2019-01-03 03:00:00,0.0
2019-01-03 04:00:00,0.0
2019-01-03 05:00:00,0.0012935647
2019-01-03 06:00:00,0.3195650025
2019-01-03 07:00:00,1.9745401611
2019-01-03 08:00:00,3.0297768555
2019-01-03 09:00:00,3.0700855714
2019-01-03 10:00:00,3.0669436646
2019-01-03 11:00:00,3.0660141602
2019-01-03 12:00:00,3.069494629
2019-01-03 13:00:00,3.0638741456
2019-01-03 14:00:00,3.0498508912
2019-01-03 15:00:00,3.0296707763
2019-01-03 16:00:00,2.9744869995
2019-01-03 17:00:00,2.8001049804
2019-01-03 18:00:00,2.193971222
2019-01-03 19:00:00,0.6326307621
2019-01-03 20:00:00,0.0059843062
2019-01-03 21:00:00,0.0
2019-01-03 22:00:00,0.0
2019-01-03 23:00:00,0.0
2019-01-04 00:00:00,0.0
2019-01-04 01:00:00,0.0
2019-01-04 02:00:00,0.0
2019-01-04 03:00:00,0.0
2019-01-04 04:00:00,0.0
2019-01-04 05:00:00,0.0013175445
2019-01-04 06:00:00,0.2925544672
2019-01-04 07:00:00,1.7986622925
2019-01-04 08:00:00,2.8188154907
2019-01-04 09:00:00,2.9661051635000004
2019-01-04 10:00:00,2.9944837036000003
2019-01-04 11:00:00,2.9738340454000003
2019-01-04 12:00:00,2.9114983521
2019-01-04 13:00:00,2.8823098755000003
2019-01-04 14:00:00,2.8911250611000003
2019-01-04 15:00:00,2.8388569336
2019-01-04 16:00:00,2.7478140869
2019-01-04 17:00:00,2.6094619141
2019-01-04 18:00:00,2.0842930297
2019-01-04 19:00:00,0.574945221
2019-01-04 20:00:00,0.0056532908
2019-01-04 21:00:00,0.0
2019-01-04 22:00:00,0.0
2019-01-04 23:00:00,0.0
2019-01-05 00:00:00,0.0
2019-01-05 01:00:00,0.0
2019-01-05 02:00:00,0.0
2019-01-05 03:00:00,0.0
2019-01-05 04:00:00,0.0
2019-01-05 05:00:00,0.0011094981
2019-01-05 06:00:00,0.277316224
2019-01-05 07:00:00,1.7121152344
2019-01-05 08:00:00,2.6855187988
2019-01-05 09:00:00,2.8706207275
2019-01-05 10:00:00,3.0085907593
2019-01-05 11:00:00,3.0433755493
2019-01-05 12:00:00,3.0365944825
2019-01-05 13:00:00,2.9876136475
2019-01-05 14:00:00,2.9502861939
2019-01-05 15:00:00,2.8891279297000003
2019-01-05 16:00:00,2.8276737671
2019-01-05 17:00:00,2.6699080811
2019-01-05 18:00:00,2.0552814637
2019-01-05 19:00:00,0.5619172707
2019-01-05 20:00:00,0.006006006800000001
2019-01-05 21:00:00,0.0
2019-01-05 22:00:00,0.0
2019-01-05 23:00:00,0.0
2019-01-06 00:00:00,0.0
2019-01-06 01:00:00,0.0
2019-01-06 02:00:00,0.0
2019-01-06 03:00:00,0.0
2019-01-06 04:00:00,0.0
2019-01-06 05:00:00,0.0009735096
2019-01-06 06:00:00,0.2626184969
2019-01-06 07:00:00,1.5026294556
2019-01-06 08:00:00,2.5112294311000003
2019-01-06 09:00:00,2.7589085694
2019-01-06 10:00:00,2.8540286254
2019-01-06 11:00:00,2.6918186646
2019-01-06 12:00:00,2.7617600097
2019-01-06 13:00:00,2.4875618286
2019-01-06 14:00:00,2.3627283936000003
2019-01-06 15:00:00,2.4635445252
2019-01-06 16:00:00,2.8264679565
2019-01-06 17:00:00,2.5934822999
2019-01-06 18:00:00,1.827999298
2019-01-06 19:00:00,0.4785790663
2019-01-06 20:00:00,0.00304754
2019-01-06 21:00:00,0.0
2019-01-06 22:00:00,0.0
2019-01-06 23:00:00,0.0
2019-01-07 00:00:00,0.0
2019-01-07 01:00:00,0.0
2019-01-07 02:00:00,0.0
2019-01-07 03:00:00,0.0
2019-01-07 04:00:00,0.0
2019-01-07 05:00:00,0.0010294017
2019-01-07 06:00:00,0.2913685808
2019-01-07 07:00:00,1.6215140838
2019-01-07 08:00:00,2.4920423889
2019-01-07 09:00:00,2.6728356324
2019-01-07 10:00:00,2.7336520385000003
2019-01-07 11:00:00,2.947197876
2019-01-07 12:00:00,2.6989158325
2019-01-07 13:00:00,2.5852287292
2019-01-07 14:00:00,1.2936645202
2019-01-07 15:00:00,1.7732185975
2019-01-07 16:00:00,1.3771098022
2019-01-07 17:00:00,1.4294325561
2019-01-07 18:00:00,2.1647655335
2019-01-07 19:00:00,0.2731716802
2019-01-07 20:00:00,0.0001460475
2019-01-07 21:00:00,0.0
2019-01-07 22:00:00,0.0
2019-01-07 23:00:00,0.0
2019-01-08 00:00:00,0.0
2019-01-08 01:00:00,0.0
2019-01-08 02:00:00,0.0
2019-01-08 03:00:00,0.0
2019-01-08 04:00:00,0.0
2019-01-08 05:00:00,0.0
2019-01-08 06:00:00,0.0789729187
2019-01-08 07:00:00,0.4669726295
2019-01-08 08:00:00,0.6186531829
2019-01-08 09:00:00,0.8813138581000001
2019-01-08 10:00:00,1.363563263
2019-01-08 11:00:00,1.2781435242
2019-01-08 12:00:00,0.9464668884
2019-01-08 13:00:00,0.7538260346
2019-01-08 14:00:00,0.6134186553000001
2019-01-08 15:00:00,0.5277128602000001
2019-01-08 16:00:00,0.4089860458
2019-01-08 17:00:00,0.2211467933
2019-01-08 18:00:00,0.2164939003
2019-01-08 19:00:00,0.087306695
2019-01-08 20:00:00,0.0010036838
2019-01-08 21:00:00,0.0
2019-01-08 22:00:00,0.0
2019-01-08 23:00:00,0.0
2019-01-09 00:00:00,0.0
2019-01-09 01:00:00,0.0
2019-01-09 02:00:00,0.0
2019-01-09 03:00:00,0.0
2019-01-09 04:00:00,0.0
2019-01-09 05:00:00,0.0
2019-01-09 06:00:00,0.049977961
2019-01-09 07:00:00,0.298913559
2019-01-09 08:00:00,0.6545413513
2019-01-09 09:00:00,1.6933638611
2019-01-09 10:00:00,1.4562738953
2019-01-09 11:00:00,1.4086647492
2019-01-09 12:00:00,1.9274042969
2019-01-09 13:00:00,1.9268772278
2019-01-09 14:00:00,0.6942185745999999
2019-01-09 15:00:00,0.5876347274
2019-01-09 16:00:00,0.3047298584
2019-01-09 17:00:00,0.5597723502
2019-01-09 18:00:00,2.0649602966
2019-01-09 19:00:00,0.5685894241
2019-01-09 20:00:00,0.0059900785
2019-01-09 21:00:00,0.0
2019-01-09 22:00:00,0.0
2019-01-09 23:00:00,0.0
2019-01-10 00:00:00,0.0
2019-01-10 01:00:00,0.0
2019-01-10 02:00:00,0.0
2019-01-10 03:00:00,0.0
2019-01-10 04:00:00,0.0
2019-01-10 05:00:00,0.0012888391
2019-01-10 06:00:00,0.2574502458
2019-01-10 07:00:00,1.7524617003999998
2019-01-10 08:00:00,2.8532553101
2019-01-10 09:00:00,2.9951675415
2019-01-10 10:00:00,2.9242392578
2019-01-10 11:00:00,3.0069515991
2019-01-10 12:00:00,2.9895844116
2019-01-10 13:00:00,2.9862755737
2019-01-10 14:00:00,2.9701071167000004
2019-01-10 15:00:00,2.9511645508
2019-01-10 16:00:00,2.8549108276
2019-01-10 17:00:00,2.6608790284
2019-01-10 18:00:00,2.0075661009
2019-01-10 19:00:00,0.5098804846
2019-01-10 20:00:00,0.0033274623
2019-01-10 21:00:00,0.0
2019-01-10 22:00:00,0.0
2019-01-10 23:00:00,0.0
2019-01-11 00:00:00,0.0
2019-01-11 01:00:00,0.0
2019-01-11 02:00:00,0.0
2019-01-11 03:00:00,0.0
2019-01-11 04:00:00,0.0
2019-01-11 05:00:00,0.0005919593
2019-01-11 06:00:00,0.2544672599
2019-01-11 07:00:00,1.681451477
2019-01-11 08:00:00,2.7181004029
2019-01-11 09:00:00,2.8601522217000004
2019-01-11 10:00:00,2.9238726196
2019-01-11 11:00:00,2.9680767822000003
2019-01-11 12:00:00,2.9995560913
2019-01-11 13:00:00,2.9610836793
2019-01-11 14:00:00,2.9877258911
2019-01-11 15:00:00,2.964855835
2019-01-11 16:00:00,2.8395213624
2019-01-11 17:00:00,2.8167461549
2019-01-11 18:00:00,2.2071188965
2019-01-11 19:00:00,0.5514371543
2019-01-11 20:00:00,0.0019681304
2019-01-11 21:00:00,0.0
2019-01-11 22:00:00,0.0
2019-01-11 23:00:00,0.0
2019-01-12 00:00:00,0.0
2019-01-12 01:00:00,0.0
2019-01-12 02:00:00,0.0
2019-01-12 03:00:00,0.0
2019-01-12 04:00:00,0.0
2019-01-12 05:00:00,0.0003082861
2019-01-12 06:00:00,0.3189969825
2019-01-12 07:00:00,1.3575513458
2019-01-12 08:00:00,2.7751001587
2019-01-12 09:00:00,2.733522461
2019-01-12 10:00:00,2.1623081665
2019-01-12 11:00:00,1.6889163819
2019-01-12 12:00:00,1.4785949402
2019-01-12 13:00:00,1.9148970032
2019-01-12 14:00:00,1.9389577332
2019-01-12 15:00:00,2.1378242799
2019-01-12 16:00:00,2.1771077576
2019-01-12 17:00:00,2.190408905
2019-01-12 18:00:00,0.9522802124
2019-01-12 19:00:00,0.15150735380000002
2019-01-12 20:00:00,0.0008500555
2019-01-12 21:00:00,0.0
2019-01-12 22:00:00,0.0
2019-01-12 23:00:00,0.0
2019-01-13 00:00:00,0.0
2019-01-13 01:00:00,0.0
2019-01-13 02:00:00,0.0
2019-01-13 03:00:00,0.0
2019-01-13 04:00:00,0.0
2019-01-13 05:00:00,0.0
2019-01-13 06:00:00,0.1712712198
2019-01-13 07:00:00,1.131597412
2019-01-13 08:00:00,1.9009443054
2019-01-13 09:00:00,1.939683136
2019-01-13 10:00:00,1.9531644897
2019-01-13 11:00:00,2.6950773926
2019-01-13 12:00:00,2.9116660766000004
2019-01-13 13:00:00,2.9293391723
2019-01-13 14:00:00,2.9202807006
2019-01-13 15:00:00,1.9792128601
2019-01-13 16:00:00,1.4730029297
2019-01-13 17:00:00,2.6597731934
2019-01-13 18:00:00,1.9948205872
2019-01-13 19:00:00,0.4908286467
2019-01-13 20:00:00,0.0025462472
2019-01-13 21:00:00,0.0
2019-01-13 22:00:00,0.0
2019-01-13 23:00:00,0.0
2019-01-14 00:00:00,0.0
2019-01-14 01:00:00,0.0
2019-01-14 02:00:00,0.0
2019-01-14 03:00:00,0.0
2019-01-14 04:00:00,0.0
2019-01-14 05:00:00,5.68e-08
2019-01-14 06:00:00,0.0458867317
2019-01-14 07:00:00,0.470127922
2019-01-14 08:00:00,1.9466496582
2019-01-14 09:00:00,2.7855706178
2019-01-14 10:00:00,1.4834626922999998
2019-01-14 11:00:00,2.7732904053
2019-01-14 12:00:00,2.574312561
2019-01-14 13:00:00,2.7399234008999995
2019-01-14 14:00:00,2.6213442383000003
2019-01-14 15:00:00,2.6649414063
2019-01-14 16:00:00,2.6784459838
2019-01-14 17:00:00,2.5336394042
2019-01-14 18:00:00,1.9446293334
2019-01-14 19:00:00,0.4547826376
2019-01-14 20:00:00,0.0025683570000000003
2019-01-14 21:00:00,0.0
2019-01-14 22:00:00,0.0
2019-01-14 23:00:00,0.0
2019-01-15 00:00:00,0.0
2019-01-15 01:00:00,0.0
2019-01-15 02:00:00,0.0
2019-01-15 03:00:00,0.0
2019-01-15 04:00:00,0.0
2019-01-15 05:00:00,0.0005243590000000001
2019-01-15 06:00:00,0.2322435049
2019-01-15 07:00:00,1.5433973388
2019-01-15 08:00:00,2.6370141601
2019-01-15 09:00:00,2.8607501221
2019-01-15 10:00:00,2.9032677612
2019-01-15 11:00:00,2.8824085082
2019-01-15 12:00:00,2.8944644165
2019-01-15 13:00:00,2.8638273927
2019-01-15 14:00:00,2.8645970459
2019-01-15 15:00:00,2.8671030274
2019-01-15 16:00:00,2.539105835
2019-01-15 17:00:00,1.6550724791999998
2019-01-15 18:00:00,1.8755725404
2019-01-15 19:00:00,0.4251586819
2019-01-15 20:00:00,0.0015071198000000002
2019-01-15 21:00:00,0.0
2019-01-15 22:00:00,0.0
2019-01-15 23:00:00,0.0
2019-01-16 00:00:00,0.0
2019-01-16 01:00:00,0.0
2019-01-16 02:00:00,0.0
2019-01-16 03:00:00,0.0
2019-01-16 04:00:00,0.0
2019-01-16 05:00:00,0.0
2019-01-16 06:00:00,0.0504792776
2019-01-16 07:00:00,0.4395427017
2019-01-16 08:00:00,1.2726957702
2019-01-16 09:00:00,2.8453287964
2019-01-16 10:00:00,3.0306194459
2019-01-16 11:00:00,3.0035694580000003
2019-01-16 12:00:00,2.9710026856
2019-01-16 13:00:00,2.961269043
2019-01-16 14:00:00,2.9562144775
2019-01-16 15:00:00,2.9273430785000003
2019-01-16 16:00:00,2.8798269043
2019-01-16 17:00:00,2.6983042603
2019-01-16 18:00:00,1.9832585755
2019-01-16 19:00:00,0.4469305382
2019-01-16 20:00:00,0.0022179825
2019-01-16 21:00:00,0.0
2019-01-16 22:00:00,0.0
2019-01-16 23:00:00,0.0
2019-01-17 00:00:00,0.0
2019-01-17 01:00:00,0.0
2019-01-17 02:00:00,0.0
2019-01-17 03:00:00,0.0
2019-01-17 04:00:00,0.0
2019-01-17 05:00:00,4.19504e-05
2019-01-17 06:00:00,0.1511050849
2019-01-17 07:00:00,0.670258911
2019-01-17 08:00:00,1.4836406249
2019-01-17 09:00:00,1.7258993988
2019-01-17 10:00:00,2.6813508911
2019-01-17 11:00:00,2.836458374
2019-01-17 12:00:00,2.8220064697
2019-01-17 13:00:00,2.8170911256
2019-01-17 14:00:00,2.829428833
2019-01-17 15:00:00,2.8107115479
2019-01-17 16:00:00,2.72039917
2019-01-17 17:00:00,2.4584988403
2019-01-17 18:00:00,1.7130178527000002
2019-01-17 19:00:00,0.3579604369
2019-01-17 20:00:00,0.0018041472
2019-01-17 21:00:00,0.0
2019-01-17 22:00:00,0.0
2019-01-17 23:00:00,0.0
2019-01-18 00:00:00,0.0
2019-01-18 01:00:00,0.0
2019-01-18 02:00:00,0.0
2019-01-18 03:00:00,0.0
2019-01-18 04:00:00,0.0
2019-01-18 05:00:00,0.0002022962
2019-01-18 06:00:00,0.2080127745
2019-01-18 07:00:00,1.5688681946
2019-01-18 08:00:00,2.7097443238
2019-01-18 09:00:00,2.8798922119
2019-01-18 10:00:00,2.8924572754000004
2019-01-18 11:00:00,2.8501220703
2019-01-18 12:00:00,2.8240863038
2019-01-18 13:00:00,2.8129992065
2019-01-18 14:00:00,2.8057656862
2019-01-18 15:00:00,2.7404434814
2019-01-18 16:00:00,2.0262788925
2019-01-18 17:00:00,2.6565877075
2019-01-18 18:00:00,1.9425497742
2019-01-18 19:00:00,0.4234446983
2019-01-18 20:00:00,0.0017440034
2019-01-18 21:00:00,0.0
2019-01-18 22:00:00,0.0
2019-01-18 23:00:00,0.0
2019-01-19 00:00:00,0.0
2019-01-19 01:00:00,0.0
2019-01-19 02:00:00,0.0
2019-01-19 03:00:00,0.0
2019-01-19 04:00:00,0.0
2019-01-19 05:00:00,0.0001894873
2019-01-19 06:00:00,0.2075633788
2019-01-19 07:00:00,1.5445444642
2019-01-19 08:00:00,1.8573783492
2019-01-19 09:00:00,2.8700369262
2019-01-19 10:00:00,2.9331329345
2019-01-19 11:00:00,2.9888783569
2019-01-19 12:00:00,2.9697630615
2019-01-19 13:00:00,2.9311094971
2019-01-19 14:00:00,2.922261963
2019-01-19 15:00:00,2.9054178468000003
2019-01-19 16:00:00,2.8451793214
2019-01-19 17:00:00,2.6886053467
2019-01-19 18:00:00,1.932441864
2019-01-19 19:00:00,0.4087592124
2019-01-19 20:00:00,0.0014583454
2019-01-19 21:00:00,0.0
2019-01-19 22:00:00,0.0
2019-01-19 23:00:00,0.0
2019-01-20 00:00:00,0.0
2019-01-20 01:00:00,0.0
2019-01-20 02:00:00,0.0
2019-01-20 03:00:00,0.0
2019-01-20 04:00:00,0.0
2019-01-20 05:00:00,9.14152e-05
2019-01-20 06:00:00,0.13566088029999998
2019-01-20 07:00:00,1.4666539154
2019-01-20 08:00:00,2.6476945802
2019-01-20 09:00:00,2.8655551147
2019-01-20 10:00:00,2.8970947266
2019-01-20 11:00:00,2.8849084473000004
2019-01-20 12:00:00,2.8187425537
2019-01-20 13:00:00,2.8314383544
2019-01-20 14:00:00,2.8370418701
2019-01-20 15:00:00,2.8386379394
2019-01-20 16:00:00,2.772614502
2019-01-20 17:00:00,2.541911499
2019-01-20 18:00:00,1.7986410218
2019-01-20 19:00:00,0.3734902173
2019-01-20 20:00:00,0.0010051993
2019-01-20 21:00:00,0.0
2019-01-20 22:00:00,0.0
2019-01-20 23:00:00,0.0
2019-01-21 00:00:00,0.0
2019-01-21 01:00:00,0.0
2019-01-21 02:00:00,0.0
2019-01-21 03:00:00,0.0
2019-01-21 04:00:00,0.0
2019-01-21 05:00:00,0.0001486708
2019-01-21 06:00:00,0.1983525888
2019-01-21 07:00:00,1.5424640961000002
2019-01-21 08:00:00,2.8162093507
2019-01-21 09:00:00,2.9732098999
2019-01-21 10:00:00,2.9841361694
2019-01-21 11:00:00,2.9730949097000003
2019-01-21 12:00:00,2.9344949951
2019-01-21 13:00:00,2.8906781005
2019-01-21 14:00:00,2.8709770508
2019-01-21 15:00:00,2.8572080079
2019-01-21 16:00:00,2.8027876587
2019-01-21 17:00:00,2.6375897826
2019-01-21 18:00:00,1.9076299133
2019-01-21 19:00:00,0.3988488044
2019-01-21 20:00:00,0.000858073
2019-01-21 21:00:00,0.0
2019-01-21 22:00:00,0.0
2019-01-21 23:00:00,0.0
2019-01-22 00:00:00,0.0
2019-01-22 01:00:00,0.0
2019-01-22 02:00:00,0.0
2019-01-22 03:00:00,0.0
2019-01-22 04:00:00,0.0
2019-01-22 05:00:00,0.0001889674
2019-01-22 06:00:00,0.1873812932
2019-01-22 07:00:00,1.2619865571
2019-01-22 08:00:00,2.5036237182
2019-01-22 09:00:00,2.6190701905
2019-01-22 10:00:00,2.8293915406
2019-01-22 11:00:00,2.9099045410000004
2019-01-22 12:00:00,2.9469761962
2019-01-22 13:00:00,2.9125730591
2019-01-22 14:00:00,2.7197994385000004
2019-01-22 15:00:00,2.6390755615
2019-01-22 16:00:00,2.7944627685000003
2019-01-22 17:00:00,2.6331903687
2019-01-22 18:00:00,1.6304949952
2019-01-22 19:00:00,0.4445317011
2019-01-22 20:00:00,0.0019239336
2019-01-22 21:00:00,0.0
2019-01-22 22:00:00,0.0
2019-01-22 23:00:00,0.0
2019-01-23 00:00:00,0.0
2019-01-23 01:00:00,0.0
2019-01-23 02:00:00,0.0
2019-01-23 03:00:00,0.0
2019-01-23 04:00:00,0.0
2019-01-23 05:00:00,0.0007107967
2019-01-23 06:00:00,0.1332984176
2019-01-23 07:00:00,0.6708221284
2019-01-23 08:00:00,0.9862246704
2019-01-23 09:00:00,1.7964593506
2019-01-23 10:00:00,2.9235412597000003
2019-01-23 11:00:00,2.9345725098
2019-01-23 12:00:00,2.8137298584
2019-01-23 13:00:00,2.8014609374
2019-01-23 14:00:00,2.3730412597
2019-01-23 15:00:00,2.8349131471
2019-01-23 16:00:00,2.737880188
2019-01-23 17:00:00,2.3559754944
2019-01-23 18:00:00,1.4454303894
2019-01-23 19:00:00,1.1635189666
2019-01-23 20:00:00,0.1089719656
2019-01-23 21:00:00,0.0
2019-01-23 22:00:00,0.0
2019-01-23 23:00:00,0.0
2019-01-24 00:00:00,0.0
2019-01-24 01:00:00,0.0
2019-01-24 02:00:00,0.0
2019-01-24 03:00:00,0.0
2019-01-24 04:00:00,0.0
2019-01-24 05:00:00,0.0
2019-01-24 06:00:00,0.000357599
2019-01-24 07:00:00,0.211420155
2019-01-24 08:00:00,1.5576942443
2019-01-24 09:00:00,2.6427097168
2019-01-24 10:00:00,2.8350731202
2019-01-24 11:00:00,2.8415444337
2019-01-24 12:00:00,2.7974437867
2019-01-24 13:00:00,2.7695634156
2019-01-24 14:00:00,2.8085093995
2019-01-24 15:00:00,2.7488235473
2019-01-24 16:00:00,2.7160561523
2019-01-24 17:00:00,2.4882367554
2019-01-24 18:00:00,2.2048980102
2019-01-24 19:00:00,1.3363889465
2019-01-24 20:00:00,0.2080471096
2019-01-24 21:00:00,0.0
2019-01-24 22:00:00,0.0
2019-01-24 23:00:00,0.0
2019-01-25 00:00:00,0.0
2019-01-25 01:00:00,0.0
2019-01-25 02:00:00,0.0
2019-01-25 03:00:00,0.0
2019-01-25 04:00:00,0.0
2019-01-25 05:00:00,0.0
2019-01-25 06:00:00,0.0006208705
2019-01-25 07:00:00,0.2108885812
2019-01-25 08:00:00,1.4912233887000002
2019-01-25 09:00:00,2.5469321289
2019-01-25 10:00:00,2.7717582397000005
2019-01-25 11:00:00,2.84096344
2019-01-25 12:00:00,2.8339754029
2019-01-25 13:00:00,2.8129824828
2019-01-25 14:00:00,2.7961963501
2019-01-25 15:00:00,2.8216201171
2019-01-25 16:00:00,2.7952393799
2019-01-25 17:00:00,2.7314451293
2019-01-25 18:00:00,2.5518024293
2019-01-25 19:00:00,1.6437970582
2019-01-25 20:00:00,0.2354792886
2019-01-25 21:00:00,0.0
2019-01-25 22:00:00,0.0
2019-01-25 23:00:00,0.0
2019-01-26 00:00:00,0.0
2019-01-26 01:00:00,0.0
2019-01-26 02:00:00,0.0
2019-01-26 03:00:00,0.0
2019-01-26 04:00:00,0.0
2019-01-26 05:00:00,0.0
2019-01-26 06:00:00,0.0
2019-01-26 07:00:00,0.0
2019-01-26 08:00:00,0.0
2019-01-26 09:00:00,0.0
2019-01-26 10:00:00,0.0
2019-01-26 11:00:00,0.0
2019-01-26 12:00:00,0.0
2019-01-26 13:00:00,0.0
2019-01-26 14:00:00,0.0
2019-01-26 15:00:00,0.0
2019-01-26 16:00:00,0.0
2019-01-26 17:00:00,0.0
2019-01-26 18:00:00,0.0
2019-01-26 19:00:00,0.0
2019-01-26 20:00:00,0.0
2019-01-26 21:00:00,0.0
2019-01-26 22:00:00,0.0
2019-01-26 23:00:00,0.0
2019-01-27 00:00:00,0.0
2019-01-27 01:00:00,0.0
2019-01-27 02:00:00,0.0
2019-01-27 03:00:00,0.0
2019-01-27 04:00:00,0.0
2019-01-27 05:00:00,0.0
2019-01-27 06:00:00,0.0
2019-01-27 07:00:00,0.0
2019-01-27 08:00:00,0.0
2019-01-27 09:00:00,0.0
2019-01-27 10:00:00,0.0
2019-01-27 11:00:00,0.0
2019-01-27 12:00:00,0.0
2019-01-27 13:00:00,0.0
2019-01-27 14:00:00,0.0
2019-01-27 15:00:00,0.0
2019-01-27 16:00:00,0.0
2019-01-27 17:00:00,0.0
2019-01-27 18:00:00,0.0
2019-01-27 19:00:00,0.0
2019-01-27 20:00:00,0.0
2019-01-27 21:00:00,0.0
2019-01-27 22:00:00,0.0
2019-01-27 23:00:00,0.0
2019-01-28 00:00:00,0.0
2019-01-28 01:00:00,0.0
2019-01-28 02:00:00,0.0
2019-01-28 03:00:00,0.0
2019-01-28 04:00:00,0.0
2019-01-28 05:00:00,0.0
2019-01-28 06:00:00,0.0
2019-01-28 07:00:00,0.0
2019-01-28 08:00:00,0.0
2019-01-28 09:00:00,0.0
2019-01-28 10:00:00,0.0
2019-01-28 11:00:00,0.0
2019-01-28 12:00:00,0.0
2019-01-28 13:00:00,0.0
2019-01-28 14:00:00,0.0
2019-01-28 15:00:00,0.0
2019-01-28 16:00:00,0.0
2019-01-28 17:00:00,0.0
2019-01-28 18:00:00,0.0
2019-01-28 19:00:00,0.0
2019-01-28 20:00:00,0.0
2019-01-28 21:00:00,0.0
2019-01-28 22:00:00,0.0
2019-01-28 23:00:00,0.0
2019-01-29 00:00:00,0.0
2019-01-29 01:00:00,0.0
2019-01-29 02:00:00,0.0
2019-01-29 03:00:00,0.0
2019-01-29 04:00:00,0.0
2019-01-29 05:00:00,0.0
2019-01-29 06:00:00,0.0
2019-01-29 07:00:00,0.0
2019-01-29 08:00:00,0.0
2019-01-29 09:00:00,0.0
2019-01-29 10:00:00,0.0
2019-01-29 11:00:00,0.0
2019-01-29 12:00:00,0.0
2019-01-29 13:00:00,0.0
2019-01-29 14:00:00,0.0
2019-01-29 15:00:00,0.0
2019-01-29 16:00:00,0.0
2019-01-29 17:00:00,0.0
2019-01-29 18:00:00,0.0
2019-01-29 19:00:00,0.0
2019-01-29 20:00:00,0.0
2019-01-29 21:00:00,0.0
2019-01-29 22:00:00,0.0
2019-01-29 23:00:00,0.0
2019-01-30 00:00:00,0.0
2019-01-30 01:00:00,0.0
2019-01-30 02:00:00,0.0
2019-01-30 03:00:00,0.0
2019-01-30 04:00:00,0.0
2019-01-30 05:00:00,0.0
2019-01-30 06:00:00,0.0
2019-01-30 07:00:00,0.0
2019-01-30 08:00:00,0.0
2019-01-30 09:00:00,0.0
2019-01-30 10:00:00,0.0
2019-01-30 11:00:00,0.0
2019-01-30 12:00:00,0.0
2019-01-30 13:00:00,0.0
2019-01-30 14:00:00,0.0
2019-01-30 15:00:00,0.0
2019-01-30 16:00:00,0.0
2019-01-30 17:00:00,0.0
2019-01-30 18:00:00,0.0
2019-01-30 19:00:00,0.0
2019-01-30 20:00:00,0.0
2019-01-30 21:00:00,0.0
2019-01-30 22:00:00,0.0
2019-01-30 23:00:00,0.0
2019-01-31 00:00:00,0.0
2019-01-31 01:00:00,0.0
2019-01-31 02:00:00,0.0
2019-01-31 03:00:00,0.0
2019-01-31 04:00:00,0.0
2019-01-31 05:00:00,0.0
2019-01-31 06:00:00,0.0
2019-01-31 07:00:00,0.0
2019-01-31 08:00:00,0.0
2019-01-31 09:00:00,0.0
2019-01-31 10:00:00,0.0
2019-01-31 11:00:00,0.0
2019-01-31 12:00:00,0.0
2019-01-31 13:00:00,0.0
2019-01-31 14:00:00,0.0
2019-01-31 15:00:00,0.0
2019-01-31 16:00:00,0.0
2019-01-31 17:00:00,0.0
2019-01-31 18:00:00,0.0
2019-01-31 19:00:00,0.0
2019-01-31 20:00:00,0.0
2019-01-31 21:00:00,0.0
2019-01-31 22:00:00,0.0
2019-01-31 23:00:00,0.0
2019-02-01 00:00:00,0.0
2019-02-01 01:00:00,0.0
2019-02-01 02:00:00,0.0
2019-02-01 03:00:00,0.0
2019-02-01 04:00:00,0.0
2019-02-01 05:00:00,0.0
2019-02-01 06:00:00,0.0
2019-02-01 07:00:00,0.0
2019-02-01 08:00:00,0.0
2019-02-01 09:00:00,0.0
2019-02-01 10:00:00,0.0
2019-02-01 11:00:00,0.0
2019-02-01 12:00:00,0.0
2019-02-01 13:00:00,0.0
2019-02-01 14:00:00,0.0
2019-02-01 15:00:00,0.0
2019-02-01 16:00:00,0.0
2019-02-01 17:00:00,0.0
2019-02-01 18:00:00,0.0
2019-02-01 19:00:00,0.0
2019-02-01 20:00:00,0.0
2019-02-01 21:00:00,0.0
2019-02-01 22:00:00,0.0
2019-02-01 23:00:00,0.0
2019-02-02 00:00:00,0.0
2019-02-02 01:00:00,0.0
2019-02-02 02:00:00,0.0
2019-02-02 03:00:00,0.0
2019-02-02 04:00:00,0.0
2019-02-02 05:00:00,0.0
2019-02-02 06:00:00,0.0
2019-02-02 07:00:00,0.0521620292
2019-02-02 08:00:00,1.0279186859
2019-02-02 09:00:00,2.3367566529
2019-02-02 10:00:00,2.5954408568000003
2019-02-02 11:00:00,2.6484255982
2019-02-02 12:00:00,2.6271919557
2019-02-02 13:00:00,2.6118422242
2019-02-02 14:00:00,2.595109375
2019-02-02 15:00:00,2.6067144165
2019-02-02 16:00:00,2.5952800904
2019-02-02 17:00:00,2.461382019
2019-02-02 18:00:00,2.2339837647
2019-02-02 19:00:00,1.175470169
2019-02-02 20:00:00,0.117406636
2019-02-02 21:00:00,0.0
2019-02-02 22:00:00,0.0
2019-02-02 23:00:00,0.0
2019-02-03 00:00:00,0.0
2019-02-03 01:00:00,0.0
2019-02-03 02:00:00,0.0
2019-02-03 03:00:00,0.0
2019-02-03 04:00:00,0.0
2019-02-03 05:00:00,0.0
2019-02-03 06:00:00,0.0
2019-02-03 07:00:00,0.1017107668
2019-02-03 08:00:00,1.0615213928
2019-02-03 09:00:00,2.360520874
2019-02-03 10:00:00,2.584906189
2019-02-03 11:00:00,2.640314331
2019-02-03 12:00:00,2.618491333
2019-02-03 13:00:00,2.6027564088
2019-02-03 14:00:00,2.6121116943
2019-02-03 15:00:00,2.6435535279
2019-02-03 16:00:00,2.6490435791
2019-02-03 17:00:00,2.6082572021
2019-02-03 18:00:00,2.4031801148
2019-02-03 19:00:00,1.36682518
2019-02-03 20:00:00,0.13938500199999998
2019-02-03 21:00:00,0.0
2019-02-03 22:00:00,0.0
2019-02-03 23:00:00,0.0
2019-02-04 00:00:00,0.0
2019-02-04 01:00:00,0.0
2019-02-04 02:00:00,0.0
2019-02-04 03:00:00,0.0
2019-02-04 04:00:00,0.0
2019-02-04 05:00:00,0.0
2019-02-04 06:00:00,0.0
2019-02-04 07:00:00,0.1075789491
2019-02-04 08:00:00,1.096099579
2019-02-04 09:00:00,2.4405731201
2019-02-04 10:00:00,2.6206976929
2019-02-04 11:00:00,2.6453788453
2019-02-04 12:00:00,2.6335505981
2019-02-04 13:00:00,2.6678636475
2019-02-04 14:00:00,2.6613502807
2019-02-04 15:00:00,2.6302174682
2019-02-04 16:00:00,2.6235633545
2019-02-04 17:00:00,2.5419038697
2019-02-04 18:00:00,2.3378173828
2019-02-04 19:00:00,1.2940797882
2019-02-04 20:00:00,0.1215384627
2019-02-04 21:00:00,0.0
2019-02-04 22:00:00,0.0
2019-02-04 23:00:00,0.0
2019-02-05 00:00:00,0.0
2019-02-05 01:00:00,0.0
2019-02-05 02:00:00,0.0
2019-02-05 03:00:00,0.0
2019-02-05 04:00:00,0.0
2019-02-05 05:00:00,0.0
2019-02-05 06:00:00,0.0
2019-02-05 07:00:00,0.1128465669
2019-02-05 08:00:00,1.1284601898
2019-02-05 09:00:00,2.5272789917
2019-02-05 10:00:00,2.7114893188
2019-02-05 11:00:00,2.7267348632
2019-02-05 12:00:00,2.730447815
2019-02-05 13:00:00,2.7208781129000004
2019-02-05 14:00:00,2.7416409302
2019-02-05 15:00:00,2.697067871
2019-02-05 16:00:00,2.6932052612
2019-02-05 17:00:00,2.5587998047
2019-02-05 18:00:00,2.3015455932
2019-02-05 19:00:00,1.237204956
2019-02-05 20:00:00,0.0621658957
2019-02-05 21:00:00,0.0
2019-02-05 22:00:00,0.0
2019-02-05 23:00:00,0.0
2019-02-06 00:00:00,0.0
2019-02-06 01:00:00,0.0
2019-02-06 02:00:00,0.0
2019-02-06 03:00:00,0.0
2019-02-06 04:00:00,0.0
2019-02-06 05:00:00,0.0
2019-02-06 06:00:00,0.0
2019-02-06 07:00:00,0.1053696585
2019-02-06 08:00:00,1.0708932953
2019-02-06 09:00:00,2.4742024536
2019-02-06 10:00:00,2.7531799927
2019-02-06 11:00:00,2.8295838012
2019-02-06 12:00:00,2.8280546875
2019-02-06 13:00:00,2.7942113037
2019-02-06 14:00:00,2.7863400268
2019-02-06 15:00:00,2.7739420166000004
2019-02-06 16:00:00,2.7434528808
2019-02-06 17:00:00,2.5666005859
2019-02-06 18:00:00,2.2985357056
2019-02-06 19:00:00,1.29842807
2019-02-06 20:00:00,0.1228643949
2019-02-06 21:00:00,0.0
2019-02-06 22:00:00,0.0
2019-02-06 23:00:00,0.0
2019-02-07 00:00:00,0.0
2019-02-07 01:00:00,0.0
2019-02-07 02:00:00,0.0
2019-02-07 03:00:00,0.0
2019-02-07 04:00:00,0.0
2019-02-07 05:00:00,0.0
2019-02-07 06:00:00,0.0
2019-02-07 07:00:00,0.0603187493
2019-02-07 08:00:00,0.4126187972
2019-02-07 09:00:00,1.150977127
2019-02-07 10:00:00,0.9459252473
2019-02-07 11:00:00,2.2423484498
2019-02-07 12:00:00,2.5665543822
2019-02-07 13:00:00,2.6531287842
2019-02-07 14:00:00,2.7839754639
2019-02-07 15:00:00,2.9094315185000004
2019-02-07 16:00:00,2.9049987793
2019-02-07 17:00:00,2.6439505615
2019-02-07 18:00:00,2.6094442139
2019-02-07 19:00:00,1.4192136231
2019-02-07 20:00:00,0.1022502045
2019-02-07 21:00:00,0.0
2019-02-07 22:00:00,0.0
2019-02-07 23:00:00,0.0
2019-02-08 00:00:00,0.0
2019-02-08 01:00:00,0.0
2019-02-08 02:00:00,0.0
2019-02-08 03:00:00,0.0
2019-02-08 04:00:00,0.0
2019-02-08 05:00:00,0.0
2019-02-08 06:00:00,0.0
2019-02-08 07:00:00,0.1201510878
2019-02-08 08:00:00,1.2026154174
2019-02-08 09:00:00,2.7565169067000004
2019-02-08 10:00:00,3.0543850097000003
2019-02-08 11:00:00,2.6475958862
2019-02-08 12:00:00,2.6620078125
2019-02-08 13:00:00,3.0278599243
2019-02-08 14:00:00,3.0463416748000003
2019-02-08 15:00:00,2.8255767822
2019-02-08 16:00:00,2.0080668641
2019-02-08 17:00:00,3.0268596802
2019-02-08 18:00:00,2.7697838745
2019-02-08 19:00:00,1.37000354
2019-02-08 20:00:00,0.053262947000000005
2019-02-08 21:00:00,0.0
2019-02-08 22:00:00,0.0
2019-02-08 23:00:00,0.0
2019-02-09 00:00:00,0.0
2019-02-09 01:00:00,0.0
2019-02-09 02:00:00,0.0
2019-02-09 03:00:00,0.0
2019-02-09 04:00:00,0.0
2019-02-09 05:00:00,0.0
2019-02-09 06:00:00,0.0
2019-02-09 07:00:00,0.1009200196
2019-02-09 08:00:00,1.1590017242
2019-02-09 09:00:00,2.8895482788
2019-02-09 10:00:00,3.0449777832
2019-02-09 11:00:00,3.0435457154
2019-02-09 12:00:00,3.0048980102
2019-02-09 13:00:00,2.980058899
2019-02-09 14:00:00,2.9570552368
2019-02-09 15:00:00,2.9578777466000004
2019-02-09 16:00:00,2.9656117555000003
2019-02-09 17:00:00,2.9212705078
2019-02-09 18:00:00,2.6535262452
2019-02-09 19:00:00,1.4626800079
2019-02-09 20:00:00,0.1203524438
2019-02-09 21:00:00,0.0
2019-02-09 22:00:00,0.0
2019-02-09 23:00:00,0.0
2019-02-10 00:00:00,0.0
2019-02-10 01:00:00,0.0
2019-02-10 02:00:00,0.0
2019-02-10 03:00:00,0.0
2019-02-10 04:00:00,0.0
2019-02-10 05:00:00,0.0
2019-02-10 06:00:00,0.0
2019-02-10 07:00:00,0.08746509289999999
2019-02-10 08:00:00,1.0646152495
2019-02-10 09:00:00,2.7570282593
2019-02-10 10:00:00,2.5134875488
2019-02-10 11:00:00,3.0312375489
2019-02-10 12:00:00,3.0356219482
2019-02-10 13:00:00,2.9645844727
2019-02-10 14:00:00,2.9364802856
2019-02-10 15:00:00,2.9618010864
2019-02-10 16:00:00,2.0037945556
2019-02-10 17:00:00,2.3128095397
2019-02-10 18:00:00,2.2076502685
2019-02-10 19:00:00,1.5589288636
2019-02-10 20:00:00,0.12431286789999997
2019-02-10 21:00:00,0.0
2019-02-10 22:00:00,0.0
2019-02-10 23:00:00,0.0
2019-02-11 00:00:00,0.0
2019-02-11 01:00:00,0.0
2019-02-11 02:00:00,0.0
2019-02-11 03:00:00,0.0
2019-02-11 04:00:00,0.0
2019-02-11 05:00:00,0.0
2019-02-11 06:00:00,0.0
2019-02-11 07:00:00,0.0149863136
2019-02-11 08:00:00,0.514530056
2019-02-11 09:00:00,1.4951396484
2019-02-11 10:00:00,2.3257944946
2019-02-11 11:00:00,3.0667189331
2019-02-11 12:00:00,3.0477060547000003
2019-02-11 13:00:00,3.020220459
2019-02-11 14:00:00,2.9974767456
2019-02-11 15:00:00,2.9907029419
2019-02-11 16:00:00,3.0034273682
2019-02-11 17:00:00,2.9176430664
2019-02-11 18:00:00,2.6466856080000003
2019-02-11 19:00:00,1.4121021728999998
2019-02-11 20:00:00,0.1062194771
2019-02-11 21:00:00,0.0
2019-02-11 22:00:00,0.0
2019-02-11 23:00:00,0.0
2019-02-12 00:00:00,0.0
2019-02-12 01:00:00,0.0
2019-02-12 02:00:00,0.0
2019-02-12 03:00:00,0.0
2019-02-12 04:00:00,0.0
2019-02-12 05:00:00,0.0
2019-02-12 06:00:00,0.0
2019-02-12 07:00:00,0.0710001084
2019-02-12 08:00:00,0.8605212783
2019-02-12 09:00:00,2.3960695801
2019-02-12 10:00:00,2.7714869995
2019-02-12 11:00:00,2.8439900513
2019-02-12 12:00:00,2.8431948242
2019-02-12 13:00:00,2.5809722595
2019-02-12 14:00:00,1.8959564513
2019-02-12 15:00:00,1.6154475707
2019-02-12 16:00:00,2.7969509277
2019-02-12 17:00:00,2.8601433715
2019-02-12 18:00:00,2.4214632263
2019-02-12 19:00:00,0.3544582768
2019-02-12 20:00:00,0.015941993300000002
2019-02-12 21:00:00,0.0
2019-02-12 22:00:00,0.0
2019-02-12 23:00:00,0.0
2019-02-13 00:00:00,0.0
2019-02-13 01:00:00,0.0
2019-02-13 02:00:00,0.0
2019-02-13 03:00:00,0.0
2019-02-13 04:00:00,0.0
2019-02-13 05:00:00,0.0
2019-02-13 06:00:00,0.0
2019-02-13 07:00:00,0.0752045357
2019-02-13 08:00:00,0.99478125
2019-02-13 09:00:00,2.7418965455
2019-02-13 10:00:00,2.9859536132
2019-02-13 11:00:00,3.0144669189
2019-02-13 12:00:00,2.9856546021
2019-02-13 13:00:00,2.9568516236
2019-02-13 14:00:00,2.9379238281
2019-02-13 15:00:00,2.9653587036
2019-02-13 16:00:00,2.9434747925
2019-02-13 17:00:00,2.9188363647
2019-02-13 18:00:00,2.6318604737
2019-02-13 19:00:00,1.3355726165
2019-02-13 20:00:00,0.0758481834
2019-02-13 21:00:00,0.0
2019-02-13 22:00:00,0.0
2019-02-13 23:00:00,0.0
2019-02-14 00:00:00,0.0
2019-02-14 01:00:00,0.0
2019-02-14 02:00:00,0.0
2019-02-14 03:00:00,0.0
2019-02-14 04:00:00,0.0
2019-02-14 05:00:00,0.0
2019-02-14 06:00:00,0.0
2019-02-14 07:00:00,0.0722023166
2019-02-14 08:00:00,0.9349195786
2019-02-14 09:00:00,2.6975940551
2019-02-14 10:00:00,2.9760021974
2019-02-14 11:00:00,3.027366272
2019-02-14 12:00:00,2.9878242188
2019-02-14 13:00:00,2.9843140258
2019-02-14 14:00:00,2.9569555053
2019-02-14 15:00:00,2.9630667115
2019-02-14 16:00:00,2.9457334595
2019-02-14 17:00:00,2.8724157104000003
2019-02-14 18:00:00,2.6501482544
2019-02-14 19:00:00,1.3542049103
2019-02-14 20:00:00,0.0768734183
2019-02-14 21:00:00,0.0
2019-02-14 22:00:00,0.0
2019-02-14 23:00:00,0.0
2019-02-15 00:00:00,0.0
2019-02-15 01:00:00,0.0
2019-02-15 02:00:00,0.0
2019-02-15 03:00:00,0.0
2019-02-15 04:00:00,0.0
2019-02-15 05:00:00,0.0
2019-02-15 06:00:00,0.0
2019-02-15 07:00:00,0.0576230459
2019-02-15 08:00:00,0.7671397629000001
2019-02-15 09:00:00,2.2571385193
2019-02-15 10:00:00,2.5964207154
2019-02-15 11:00:00,2.7439837646
2019-02-15 12:00:00,2.858736267
2019-02-15 13:00:00,2.8202063599
2019-02-15 14:00:00,2.7959354248
2019-02-15 15:00:00,2.8017632445
2019-02-15 16:00:00,2.8070761108
2019-02-15 17:00:00,2.7487904663
2019-02-15 18:00:00,2.4459961548
2019-02-15 19:00:00,1.1443156586
2019-02-15 20:00:00,0.0613747646
2019-02-15 21:00:00,0.0
2019-02-15 22:00:00,0.0
2019-02-15 23:00:00,0.0
2019-02-16 00:00:00,0.0
2019-02-16 01:00:00,0.0
2019-02-16 02:00:00,0.0
2019-02-16 03:00:00,0.0
2019-02-16 04:00:00,0.0
2019-02-16 05:00:00,0.0
2019-02-16 06:00:00,0.0
2019-02-16 07:00:00,0.0099213759
2019-02-16 08:00:00,0.111630764
2019-02-16 09:00:00,0.1860464897
2019-02-16 10:00:00,0.4613289186
2019-02-16 11:00:00,0.641589447
2019-02-16 12:00:00,0.6588345031
2019-02-16 13:00:00,1.2788174743
2019-02-16 14:00:00,1.264108551
2019-02-16 15:00:00,0.7689088745
2019-02-16 16:00:00,0.4818596801
2019-02-16 17:00:00,0.3093995056
2019-02-16 18:00:00,0.1944027596
2019-02-16 19:00:00,0.1279919223
2019-02-16 20:00:00,0.013546635800000002
2019-02-16 21:00:00,0.0
2019-02-16 22:00:00,0.0
2019-02-16 23:00:00,0.0
2019-02-17 00:00:00,0.0
2019-02-17 01:00:00,0.0
2019-02-17 02:00:00,0.0
2019-02-17 03:00:00,0.0
2019-02-17 04:00:00,0.0
2019-02-17 05:00:00,0.0
2019-02-17 06:00:00,0.0
2019-02-17 07:00:00,0.0035110961
2019-02-17 08:00:00,0.0646017456
2019-02-17 09:00:00,0.1743651542
2019-02-17 10:00:00,0.4267886735
2019-02-17 11:00:00,0.6068572846
2019-02-17 12:00:00,1.0067660218
2019-02-17 13:00:00,1.7724836731
2019-02-17 14:00:00,2.7360564575
2019-02-17 15:00:00,2.8091641235000004
2019-02-17 16:00:00,2.8003982544
2019-02-17 17:00:00,2.6442944947
2019-02-17 18:00:00,2.2175701295
2019-02-17 19:00:00,0.6788421095999999
2019-02-17 20:00:00,0.0473248204
2019-02-17 21:00:00,0.0
2019-02-17 22:00:00,0.0
2019-02-17 23:00:00,0.0
2019-02-18 00:00:00,0.0
2019-02-18 01:00:00,0.0
2019-02-18 02:00:00,0.0
2019-02-18 03:00:00,0.0
2019-02-18 04:00:00,0.0
2019-02-18 05:00:00,0.0
2019-02-18 06:00:00,0.0
2019-02-18 07:00:00,0.0527622956
2019-02-18 08:00:00,0.7399813461
2019-02-18 09:00:00,2.2468398133000003
2019-02-18 10:00:00,2.7584544068
2019-02-18 11:00:00,2.8510786743
2019-02-18 12:00:00,2.8449901733
2019-02-18 13:00:00,2.8107805786
2019-02-18 14:00:00,2.8134879762
2019-02-18 15:00:00,2.8159864501
2019-02-18 16:00:00,2.8007667847000004
2019-02-18 17:00:00,2.4196887207
2019-02-18 18:00:00,1.5442870484
2019-02-18 19:00:00,0.9392657241
2019-02-18 20:00:00,0.0390929802
2019-02-18 21:00:00,0.0
2019-02-18 22:00:00,0.0
2019-02-18 23:00:00,0.0
2019-02-19 00:00:00,0.0
2019-02-19 01:00:00,0.0
2019-02-19 02:00:00,0.0
2019-02-19 03:00:00,0.0
2019-02-19 04:00:00,0.0
2019-02-19 05:00:00,0.0
2019-02-19 06:00:00,0.0
2019-02-19 07:00:00,0.0465651776
2019-02-19 08:00:00,0.7570737381
2019-02-19 09:00:00,2.4494925842
2019-02-19 10:00:00,2.8326947632
2019-02-19 11:00:00,2.8685967407
2019-02-19 12:00:00,2.8633807373
2019-02-19 13:00:00,2.8285758056
2019-02-19 14:00:00,2.8232450561
2019-02-19 15:00:00,2.7930737915
2019-02-19 16:00:00,2.8083108521
2019-02-19 17:00:00,2.7391341553
2019-02-19 18:00:00,1.9636179657
2019-02-19 19:00:00,0.9087891236
2019-02-19 20:00:00,0.0356507856
2019-02-19 21:00:00,0.0
2019-02-19 22:00:00,0.0
2019-02-19 23:00:00,0.0
2019-02-20 00:00:00,0.0
2019-02-20 01:00:00,0.0
2019-02-20 02:00:00,0.0
2019-02-20 03:00:00,0.0
2019-02-20 04:00:00,0.0
2019-02-20 05:00:00,0.0
2019-02-20 06:00:00,0.0
2019-02-20 07:00:00,0.0086839469
2019-02-20 08:00:00,0.0815960398
2019-02-20 09:00:00,0.2070016519
2019-02-20 10:00:00,0.7499331207
2019-02-20 11:00:00,2.9071364137
2019-02-20 12:00:00,2.8170880127
2019-02-20 13:00:00,2.7606433105000003
2019-02-20 14:00:00,2.7633126831
2019-02-20 15:00:00,2.6464359131
2019-02-20 16:00:00,1.2901759796
2019-02-20 17:00:00,2.5413720399
2019-02-20 18:00:00,2.4551480713
2019-02-20 19:00:00,1.0380624923
2019-02-20 20:00:00,0.0260568865
2019-02-20 21:00:00,0.0
2019-02-20 22:00:00,0.0
2019-02-20 23:00:00,0.0
2019-02-21 00:00:00,0.0
2019-02-21 01:00:00,0.0
2019-02-21 02:00:00,0.0
2019-02-21 03:00:00,0.0
2019-02-21 04:00:00,0.0
2019-02-21 05:00:00,0.0
2019-02-21 06:00:00,0.0
2019-02-21 07:00:00,0.0272929459
2019-02-21 08:00:00,0.2244029617
2019-02-21 09:00:00,0.4975668412
2019-02-21 10:00:00,1.0451575317
2019-02-21 11:00:00,1.9108948059
2019-02-21 12:00:00,1.9016564332
2019-02-21 13:00:00,1.6162897338999995
2019-02-21 14:00:00,1.556938324
2019-02-21 15:00:00,0.9181645508
2019-02-21 16:00:00,0.9078030397
2019-02-21 17:00:00,0.601559372
2019-02-21 18:00:00,0.206222248
2019-02-21 19:00:00,0.0672667341
2019-02-21 20:00:00,0.0032238486
2019-02-21 21:00:00,0.0
2019-02-21 22:00:00,0.0
2019-02-21 23:00:00,0.0
2019-02-22 00:00:00,0.0
2019-02-22 01:00:00,0.0
2019-02-22 02:00:00,0.0
2019-02-22 03:00:00,0.0
2019-02-22 04:00:00,0.0
2019-02-22 05:00:00,0.0
2019-02-22 06:00:00,0.0
2019-02-22 07:00:00,0.0233920044
2019-02-22 08:00:00,0.1877383804
2019-02-22 09:00:00,0.4385829468
2019-02-22 10:00:00,0.8423182984
2019-02-22 11:00:00,1.3939840391999998
2019-02-22 12:00:00,2.0276904296
2019-02-22 13:00:00,2.572757019
2019-02-22 14:00:00,2.2913491211
2019-02-22 15:00:00,2.8409552612
2019-02-22 16:00:00,2.8896221924
2019-02-22 17:00:00,2.8160424805
2019-02-22 18:00:00,2.5068020630000003
2019-02-22 19:00:00,1.0873197937
2019-02-22 20:00:00,0.0212275716
2019-02-22 21:00:00,0.0
2019-02-22 22:00:00,0.0
2019-02-22 23:00:00,0.0
2019-02-23 00:00:00,0.0
2019-02-23 01:00:00,0.0
2019-02-23 02:00:00,0.0
2019-02-23 03:00:00,0.0
2019-02-23 04:00:00,0.0
2019-02-23 05:00:00,0.0
2019-02-23 06:00:00,0.0
2019-02-23 07:00:00,0.0394200183
2019-02-23 08:00:00,0.7283635481999999
2019-02-23 09:00:00,2.0239795228
2019-02-23 10:00:00,2.7357418823
2019-02-23 11:00:00,2.7437305298
2019-02-23 12:00:00,2.9697556763
2019-02-23 13:00:00,2.9331337281
2019-02-23 14:00:00,2.9045761108
2019-02-23 15:00:00,2.9262959595
2019-02-23 16:00:00,2.9449353638
2019-02-23 17:00:00,2.9033100586
2019-02-23 18:00:00,2.6130629272
2019-02-23 19:00:00,1.0993328247
2019-02-23 20:00:00,0.0180572476
2019-02-23 21:00:00,0.0
2019-02-23 22:00:00,0.0
2019-02-23 23:00:00,0.0
2019-02-24 00:00:00,0.0
2019-02-24 01:00:00,0.0
2019-02-24 02:00:00,0.0
2019-02-24 03:00:00,0.0
2019-02-24 04:00:00,0.0
2019-02-24 05:00:00,0.0
2019-02-24 06:00:00,0.0
2019-02-24 07:00:00,0.0362827862
2019-02-24 08:00:00,0.7108852309999999
2019-02-24 09:00:00,2.6787958678
2019-02-24 10:00:00,3.05000177
2019-02-24 11:00:00,3.0464419556
2019-02-24 12:00:00,2.9887370606
2019-02-24 13:00:00,2.8457520142000003
2019-02-24 14:00:00,2.8873621826
2019-02-24 15:00:00,2.9413807983
2019-02-24 16:00:00,2.9769633178
2019-02-24 17:00:00,2.8873412476
2019-02-24 18:00:00,2.602599182
2019-02-24 19:00:00,1.1048123474
2019-02-24 20:00:00,0.016256076
2019-02-24 21:00:00,0.0
2019-02-24 22:00:00,0.0
2019-02-24 23:00:00,0.0
2019-02-25 00:00:00,0.0
2019-02-25 01:00:00,0.0
2019-02-25 02:00:00,0.0
2019-02-25 03:00:00,0.0
2019-02-25 04:00:00,0.0
2019-02-25 05:00:00,0.0
2019-02-25 06:00:00,0.0
2019-02-25 07:00:00,0.0310568794
2019-02-25 08:00:00,0.6795174675
2019-02-25 09:00:00,2.6050665894
2019-02-25 10:00:00,3.0200045777
2019-02-25 11:00:00,3.0298117065
2019-02-25 12:00:00,2.9775057373
2019-02-25 13:00:00,2.9497332764
2019-02-25 14:00:00,2.9070797119
2019-02-25 15:00:00,2.9201526489
2019-02-25 16:00:00,2.9316401367
2019-02-25 17:00:00,2.8840733033
2019-02-25 18:00:00,2.5471134032
2019-02-25 19:00:00,1.0221223526
2019-02-25 20:00:00,0.0153672378
2019-02-25 21:00:00,0.0
2019-02-25 22:00:00,0.0
2019-02-25 23:00:00,0.0
2019-02-26 00:00:00,0.0
2019-02-26 01:00:00,0.0
2019-02-26 02:00:00,0.0
2019-02-26 03:00:00,0.0
2019-02-26 04:00:00,0.0
2019-02-26 05:00:00,0.0
2019-02-26 06:00:00,0.0
2019-02-26 07:00:00,0.0270988308
2019-02-26 08:00:00,0.6251391029
2019-02-26 09:00:00,2.5338455811
2019-02-26 10:00:00,2.9972982178
2019-02-26 11:00:00,2.9609763183
2019-02-26 12:00:00,2.891574585
2019-02-26 13:00:00,2.8662340698000004
2019-02-26 14:00:00,2.8252747192000003
2019-02-26 15:00:00,2.8570870972000004
2019-02-26 16:00:00,2.8732883911
2019-02-26 17:00:00,2.8347221679000003
2019-02-26 18:00:00,2.4889685669
2019-02-26 19:00:00,0.9572518921
2019-02-26 20:00:00,0.012598752
2019-02-26 21:00:00,0.0
2019-02-26 22:00:00,0.0
2019-02-26 23:00:00,0.0
2019-02-27 00:00:00,0.0
2019-02-27 01:00:00,0.0
2019-02-27 02:00:00,0.0
2019-02-27 03:00:00,0.0
2019-02-27 04:00:00,0.0
2019-02-27 05:00:00,0.0
2019-02-27 06:00:00,0.0
2019-02-27 07:00:00,0.0273186433
2019-02-27 08:00:00,0.6278459473
2019-02-27 09:00:00,2.4708371582
2019-02-27 10:00:00,2.900970459
2019-02-27 11:00:00,2.8922915649000003
2019-02-27 12:00:00,2.8288931274
2019-02-27 13:00:00,2.7826902465
2019-02-27 14:00:00,2.7532306519
2019-02-27 15:00:00,2.7702427368
2019-02-27 16:00:00,2.7889086304000004
2019-02-27 17:00:00,2.572862976
2019-02-27 18:00:00,2.2614793091
2019-02-27 19:00:00,0.8453568458
2019-02-27 20:00:00,0.0148448315
2019-02-27 21:00:00,0.0
2019-02-27 22:00:00,0.0
2019-02-27 23:00:00,0.0
2019-02-28 00:00:00,0.0
2019-02-28 01:00:00,0.0
2019-02-28 02:00:00,0.0
2019-02-28 03:00:00,0.0
2019-02-28 04:00:00,0.0
2019-02-28 05:00:00,0.0
2019-02-28 06:00:00,0.0
2019-02-28 07:00:00,0.0194443991
2019-02-28 08:00:00,0.5595006446
2019-02-28 09:00:00,2.300010376
2019-02-28 10:00:00,2.7633482056
2019-02-28 11:00:00,2.4340447999
2019-02-28 12:00:00,2.6398139649
2019-02-28 13:00:00,2.6867033691000004
2019-02-28 14:00:00,2.7047282104000003
2019-02-28 15:00:00,2.7494688111000003
2019-02-28 16:00:00,2.5344590455
2019-02-28 17:00:00,2.3095627137
2019-02-28 18:00:00,1.9354293518
2019-02-28 19:00:00,0.2471251983
2019-02-28 20:00:00,0.007720848299999999
2019-02-28 21:00:00,0.0
2019-02-28 22:00:00,0.0
2019-02-28 23:00:00,0.0
2019-03-01 00:00:00,0.0
2019-03-01 01:00:00,0.0
2019-03-01 02:00:00,0.0
2019-03-01 03:00:00,0.0
2019-03-01 04:00:00,0.0
2019-03-01 05:00:00,0.0
2019-03-01 06:00:00,0.0
2019-03-01 07:00:00,0.014883236
2019-03-01 08:00:00,0.5609405136
2019-03-01 09:00:00,2.2417364502
2019-03-01 10:00:00,2.7774675293
2019-03-01 11:00:00,2.6598253174
2019-03-01 12:00:00,2.7172911987
2019-03-01 13:00:00,2.7174110107
2019-03-01 14:00:00,2.7021428832
2019-03-01 15:00:00,2.7192674560000003
2019-03-01 16:00:00,2.7531874389
2019-03-01 17:00:00,2.7105966796
2019-03-01 18:00:00,2.4286801454
2019-03-01 19:00:00,0.8650311622
2019-03-01 20:00:00,0.0075481886
2019-03-01 21:00:00,0.0
2019-03-01 22:00:00,0.0
2019-03-01 23:00:00,0.0
2019-03-02 00:00:00,0.0
2019-03-02 01:00:00,0.0
2019-03-02 02:00:00,0.0
2019-03-02 03:00:00,0.0
2019-03-02 04:00:00,0.0
2019-03-02 05:00:00,0.0
2019-03-02 06:00:00,0.0
2019-03-02 07:00:00,0.0205488982
2019-03-02 08:00:00,0.5460287399
2019-03-02 09:00:00,2.3800325623
2019-03-02 10:00:00,2.8885772095
2019-03-02 11:00:00,2.8854397583
2019-03-02 12:00:00,2.8188918456
2019-03-02 13:00:00,2.7826311033999995
2019-03-02 14:00:00,2.7495792846
2019-03-02 15:00:00,2.7422044678
2019-03-02 16:00:00,2.7034793701
2019-03-02 17:00:00,2.596109497
2019-03-02 18:00:00,2.1107260132
2019-03-02 19:00:00,0.5358741112
2019-03-02 20:00:00,0.0077487484
2019-03-02 21:00:00,0.0
2019-03-02 22:00:00,0.0
2019-03-02 23:00:00,0.0
2019-03-03 00:00:00,0.0
2019-03-03 01:00:00,0.0
2019-03-03 02:00:00,0.0
2019-03-03 03:00:00,0.0
2019-03-03 04:00:00,0.0
2019-03-03 05:00:00,0.0
2019-03-03 06:00:00,0.0
2019-03-03 07:00:00,0.0064497625
2019-03-03 08:00:00,0.1004835662
2019-03-03 09:00:00,0.4875428123
2019-03-03 10:00:00,1.2367070313
2019-03-03 11:00:00,2.9013607178
2019-03-03 12:00:00,2.7671390381
2019-03-03 13:00:00,2.5236635742
2019-03-03 14:00:00,2.1407499084
2019-03-03 15:00:00,0.8769850311
2019-03-03 16:00:00,0.6242830199
2019-03-03 17:00:00,0.5629354554
2019-03-03 18:00:00,0.2629960327
2019-03-03 19:00:00,0.1935587102
2019-03-03 20:00:00,0.0163145551
2019-03-03 21:00:00,0.0
2019-03-03 22:00:00,0.0
2019-03-03 23:00:00,0.0
2019-03-04 00:00:00,0.0
2019-03-04 01:00:00,0.0
2019-03-04 02:00:00,0.0
2019-03-04 03:00:00,0.0
2019-03-04 04:00:00,0.0
2019-03-04 05:00:00,0.0
2019-03-04 06:00:00,0.0
2019-03-04 07:00:00,0.012938452
2019-03-04 08:00:00,0.5125192985
2019-03-04 09:00:00,2.1863296509
2019-03-04 10:00:00,2.7826448364
2019-03-04 11:00:00,1.8303480224
2019-03-04 12:00:00,
2019-03-04 13:00:00,
2019-03-04 14:00:00,
2019-03-04 15:00:00,
2019-03-04 16:00:00,
2019-03-04 17:00:00,
2019-03-04 18:00:00,
2019-03-04 19:00:00,
2019-03-04 20:00:00,
2019-03-04 21:00:00,
2019-03-04 22:00:00,
2019-03-04 23:00:00,
